Originating Time,Confidence,AU04_i,AU04_o,AU06_i,AU06_o,AU07_i,AU07_o,AU10_i,AU10_o,AU12_i,AU12_o,AU14_i,AU14_o,AU01_i,AU01_o,AU02_i,AU02_o,AU05_i,AU05_o,AU09_i,AU09_o,AU15_i,AU15_o,AU17_i,AU17_o,AU20_i,AU20_o,AU23_i,AU23_o,AU25_i,AU25_o,AU26_i,AU26_o,AU45_i,AU45_o
0,0.98,0.53,0,0.3,1,0.21,1,0,0,0,0,0,0,0,0,0,0,0.11,0,0,0,0,0,0,0,0,0,0,0,0,0,0.63,0,0,1
0.334,0.98,0.02,0,0,0,0,1,0,0,0.4,0,1.04,1,0.08,1,0.12,1,0.34,0,0,0,0,0,0.61,1,0,0,0,1,0,0,0,0,0,1
0.667,0.88,0,0,0,0,0,0,0.05,0,0.33,0,0,0,0.61,1,1.11,1,0,0,0,0,0.11,0,0.73,1,0.62,0,0,0,1.05,0,0.08,0,0,0
1.001,0.98,0,1,0,0,0,0,0,0,0,0,0,0,0,0,0,0,0,0,0,0,1.4,0,1.86,1,0.04,0,0.05,0,1.9,1,1.24,0,0,0
1.334,0.98,0,0,0.09,0,0,1,0,0,0,0,0,0,0,0,0.12,1,0,0,0,0,1.86,0,2.21,1,0.86,0,0.72,0,2.09,1,0.97,0,0,0
1.668,0.98,0,0,0,0,0,1,0,0,0,0,0,0,0.07,0,0,0,0,0,0,0,1.65,0,2.07,1,0.99,1,0.65,0,1.04,0,1.25,0,0,0
2.001,0.98,0.94,1,0,0,0.09,1,0,0,0,0,0,0,0.01,0,0,0,0.2,1,0.25,0,0,0,0.51,1,0,0,0,0,0.99,0,0.76,0,0,0
2.335,0.98,1.21,1,0,0,0,1,0,0,0,0,0,0,0,0,0,0,0.64,1,0.13,0,0,0,0.34,0,0,0,0.24,0,0.65,0,1.23,1,0,0
2.669,0.98,0.57,0,0,0,0,1,0,0,0,0,0,0,0,0,0.01,0,0,1,0,0,0,0,0.11,0,0,0,0,0,1.14,1,0.68,1,0,0
3.002,0.98,0.93,0,0,0,0.54,1,0,0,0,0,0,0,0.39,1,0,0,0.39,1,0,0,0.43,1,2.18,1,0.72,0,0.09,0,1.73,0,1.38,0,0.34,0
3.336,0.98,1.52,0,0,0,0,0,0,0,0,0,0,0,0.87,1,1.05,0,0.55,1,0,0,1.25,1,3.31,1,0.16,0,0.56,0,1.25,0,1.13,0,0.06,0
3.669,0.88,1.76,1,0,0,0,0,0,0,0,0,0,0,0.46,1,0.84,0,0.96,1,0,0,0.35,1,3.42,1,0.29,0,0.73,0,1.13,0,1.44,0,0.14,0
4.003,0.98,0.87,1,0,0,0,0,0,0,0,0,0,0,0.5,1,0.08,0,0.85,1,0,0,0,1,2.55,1,0,0,0.37,0,1.57,0,1.77,1,0.1,0
4.336,0.98,0.51,0,0,0,0,0,0,0,0,0,0,0,0.57,1,0.36,0,0.76,1,0,0,0,1,2.87,1,0,0,0.45,0,1.02,0,1.13,0,0,0
4.67,0.77,1.55,1,0,0,0,0,0,0,0,0,0,0,0.37,1,0.83,0,1,1,0,0,0,1,3.69,1,0.06,0,1.08,0,1.69,0,2.12,1,0,0
5.004,0.88,1.58,0,0,0,0,0,0,0,0,0,0,0,1.21,1,1.28,1,1.44,1,0,0,0.14,1,3.75,1,0.15,0,0.6,0,0.55,0,1.28,0,0,0
5.337,0.88,0.55,1,0,0,0.1,0,0.47,0,0,0,0,0,0.66,1,0,0,0,1,0,0,0,0,1.79,1,0.33,0,0.08,0,1.69,1,1.18,0,0.05,0
5.671,0.98,1.06,1,0.34,0,0.55,1,0.18,0,0,0,0,0,1.3,1,0.17,0,0,0,0,0,0.56,1,1.97,1,0.03,0,0.25,0,0.89,0,1.02,0,0,0
6.004,0.62,0,0,0,0,0,0,0,0,0,0,0,0,0,0,0,0,0,0,0,0,0,0,0,0,0,0,0,0,0,0,0,0,0,0
6.338,0.98,0.44,0,0,0,0.05,1,0,0,0,0,0,0,0.05,0,0.57,0,0,0,0,0,0,0,0.52,1,0.28,0,0,0,1.01,1,0.48,1,0.13,0
6.672,0.98,0.23,0,0,0,0.34,1,0,0,0,0,0,0,0.73,1,1.48,1,0,0,0,0,0,0,0.42,0,0.46,0,0,0,1.43,1,1.18,1,0,0
7.005,0.77,0,0,0.29,0,0,1,0.1,0,0.07,0,0,0,0,0,0.19,0,0,0,0,0,0.2,0,1.31,1,0.49,1,0.32,0,1.58,1,1.1,0,0,0
7.339,0.88,0.46,0,0.23,0,0,1,0.47,0,0.04,0,0,0,0.21,0,0.3,0,0,0,0,0,0.01,0,1.91,1,0.37,0,0.83,0,1.1,1,1.14,0,0,0
7.672,0.88,1.02,0,0.05,0,0.28,1,0.37,0,0.02,0,0,0,0,0,0,0,0,0,0,0,0.14,0,1,1,0.61,0,0.04,0,1.35,1,0.57,0,0,0
8.006,0.88,0.15,0,0,0,0.15,1,0.02,0,0,0,0,0,0,0,0,0,0,0,0,0,0,0,1.28,1,0.85,0,0.51,0,0.66,1,0.39,0,0,0
8.339,0.88,0.29,0,0,0,0.26,1,0.03,0,0,0,0,0,0,0,0,0,0,0,0.07,0,0,0,1.33,1,0.8,0,0.31,0,0.73,1,0.19,0,0,0
8.673,0.88,0.17,0,0,0,0,1,0.01,0,0,0,0,0,0,0,0,0,0,0,0.19,0,0,0,0.92,1,0.8,1,0.25,0,0.91,1,0.49,0,0,0
9.007,0.88,0.62,0,0,0,0,1,0.06,0,0,0,0,0,0.03,0,0,0,0,0,0.01,0,0,0,1.32,1,1.11,1,0,0,0.81,1,0.3,0,0,0
9.34,0.88,1.28,0,0,0,0,1,0.02,0,0,0,0,0,0,0,0,0,0,1,0.08,0,0,0,1.28,1,0.19,0,0.11,0,0.21,0,0.52,0,0.1,0
9.674,0.98,0.41,0,0,0,0,1,0,0,0,0,0,0,0,0,0,0,0,0,0,0,0,0,0.61,1,0,0,0.5,0,0,0,0,0,0,0
10.007,0.98,0.74,0,0,0,0,0,0,0,0,0,0,0,0,0,0,0,0,0,0,0,0,0,0.7,1,0,0,0.53,0,0,0,0,0,0,1
10.341,0.98,1.17,0,0,0,0,1,0,0,0,0,0,0,0,0,0,0,0.07,1,0,0,0,1,0.64,1,0,0,0.36,0,0.02,0,0.34,0,0,0
10.674,0.98,0.22,0,0,0,0,1,0,0,0,0,0,0,0.74,1,0.85,1,0.33,1,0,0,0.09,0,0,0,0,0,0,0,0,0,0.02,0,0,0
11.008,0.98,0.26,0,0,0,0,1,0,0,0,0,0,0,0.72,1,1.28,1,0.2,0,0,0,0,0,0,0,0,0,0,0,0.01,0,0.07,0,0,0
11.342,0.98,0.16,0,0,0,0,1,0,0,0,0,0,0,0.84,1,1.09,1,0,0,0,0,0,0,0.68,0,0,0,0,0,0.48,0,0.09,0,0,1
11.675,0.98,0.43,0,0,0,1.04,1,0,0,0.08,0,0,0,0.68,1,1.11,1,0,0,0,0,0.08,0,0.81,0,0.18,0,0,0,0.54,0,0.55,1,0,0
12.009,0.88,0.87,0,0,0,0.45,1,0,0,0,0,0,0,1.51,1,1.01,0,0.5,0,0,0,0.24,0,1.35,1,0.11,0,0,0,0.87,0,0.47,1,0,0
12.342,0.88,1.23,1,0,0,0.01,1,0.15,0,0,0,0,0,1.07,1,0.16,0,0,0,0,0,0.05,1,2.35,1,0.02,0,0,0,1.36,0,0.58,0,0,0
12.676,0.88,0.74,1,0,0,0,1,0.16,0,0,0,0,0,0.82,1,0.13,0,0.03,0,0,0,0,1,2.63,1,0,0,0,0,1.41,0,0.47,0,0,0
13.009,0.88,1.14,1,0,0,0.14,1,0,0,0,0,0,0,0.64,1,0,0,0,0,0,0,0,1,2.81,1,0,0,0,0,1.37,0,0.42,0,0,0
13.343,0.77,0.9,1,0,0,0,1,0.02,0,0,0,0,0,0.77,1,0,0,0,0,0,0,0.01,1,2.51,1,0.08,0,0,0,1.18,0,0.41,0,0,0
13.677,0.88,0.9,1,0,0,0.07,1,0.02,0,0,0,0,0,0.9,1,0,0,0,0,0,0,0.1,1,2.6,1,0.09,0,0,0,1.5,0,0.53,0,0,0
14.01,0.88,1.08,1,0,0,0,1,0,0,0,0,0,0,0.95,1,0,0,0,0,0,0,0.48,1,2.48,1,0,0,0,0,1.45,0,0.81,0,0,0
14.344,0.88,0.98,1,0,0,0.63,1,0,0,0,0,0,0,0.53,0,0,0,0,0,0,0,0.33,0,2.21,1,0.07,0,0,0,1.57,0,0.66,0,0.02,1
14.677,0.77,0.86,1,0,0,0.5,1,0,0,0,0,0,0,0.64,1,0,0,0,0,0,0,0.68,0,1.57,1,0.11,0,0,0,1.03,0,0.59,0,0,1
15.011,0.88,1.34,1,0,0,0,1,0.16,0,0,0,0,0,0,0,0,0,0,0,0,0,0.23,1,1.42,1,0,0,0,0,0.85,0,0.41,0,0,1
15.344,0.88,0.18,1,0,0,0.09,0,0.05,0,0,0,0,0,1.03,1,0,0,0,0,0,0,0,0,2.16,1,0.05,0,0,0,1.59,0,0.69,0,0,0
15.678,0.98,0.72,1,0,0,0.5,1,0,0,0,0,0,0,0.18,0,0.05,0,0,0,0,0,0.7,0,0.96,1,0,0,0,0,0.97,0,0.48,0,0,1
16.012,0.98,0,0,0,0,0,1,0,0,0,0,0,0,0.27,1,0.03,1,0,0,0,0,0,0,0,0,0,0,0,0,0.31,0,0,0,0,1
16.345,0.98,0.02,0,0,0,0,1,0,0,0,0,0,0,0.37,1,0.39,1,0.11,1,0,0,0,0,0,0,0,0,0,0,0.58,0,0.16,1,0,0
16.679,0.98,0.04,0,0,0,0,1,0,0,0,0,0,0,0.26,1,0.25,1,0.24,1,0,0,0,0,0,0,0,0,0,0,0.83,0,0.12,1,0,0
17.012,0.98,0.05,0,0,0,0,0,0,0,0,0,0,0,0.36,1,0.36,1,0.44,1,0,0,0,0,0,0,0,0,0,0,0.88,0,0.37,1,0,0
17.346,0.98,0.01,0,0,0,0,0,0,0,0,0,0,0,0,1,0,1,0.7,1,0,0,0,0,0,0,0,0,0,0,0.27,0,0.12,1,0,0
17.679,0.98,0.01,0,0,0,0,0,0,0,0,0,0,0,0,1,0,1,0.53,0,0,0,0.06,0,0,0,0,0,0,0,0.2,0,0.17,0,0,1
18.013,0.98,0,0,0,0,0,0,0,0,0,0,0,0,0,1,0,1,0.45,0,0,0,0.19,0,0,0,0,0,0,0,0.03,0,0.22,0,0,0
18.347,0.98,0,0,0,0,0,0,0,0,0,0,0,0,0,1,0,1,0.62,0,0,0,0.02,0,0,0,0,0,0,0,0,0,0,0,0,0
18.68,0.98,0,0,0,0,0,0,0,0,0.1,0,0,1,0,1,0,1,0.56,0,0,0,0,0,0,0,0,0,0,0,0,0,0,0,0,0
19.014,0.98,0,0,0,0,0,0,0,0,0.12,0,0,1,0.01,1,0,1,0.04,0,0,0,0,0,0.21,1,0,0,0,0,0,0,0,0,0,0
19.347,0.98,0,0,0,0,0,0,0,0,0.07,0,0,1,0,1,0,1,0.39,0,0,0,0,0,0.11,1,0,1,0,0,0,0,0,0,0,0
19.681,0.98,0,0,0,0,0,0,0,0,0.02,0,0,1,0.14,1,0,1,0,0,0,0,0,0,0.2,1,0.01,1,0,0,0.13,0,0,0,0,0
20.015,0.98,0,0,0,0,0,1,0,0,0.06,0,0,1,0.41,1,0,1,0.02,0,0,0,0,0,0.09,1,0.05,0,0,0,0.24,0,0,0,0,0
20.348,0.98,1.85,0,0.21,0,1.82,1,0,0,0,0,0,0,2.46,1,2.1,1,0,0,0,0,1.23,1,2.04,1,0,0,0.1,0,0,0,0.1,1,0.1,0
20.682,0.98,0.96,0,0.05,1,0,1,0.64,0,0.2,0,0,0,0,0,0.09,1,0.19,1,0,0,0.95,0,2.19,1,0.8,0,1.15,0,0.29,0,1.35,0,0,0
21.015,0.98,0.83,0,0.56,1,0,1,0.06,0,0.82,0,0,1,0,1,0,1,0.1,1,0,0,1.25,1,2.42,1,0,0,1.14,0,0.71,0,0.22,0,0,0
21.349,0.98,0.54,0,0,0,0,1,0,0,0.12,0,0.03,1,0.23,1,0.59,1,0,0,0,0,0.82,1,2.06,1,0,0,1.1,0,1.18,1,0.43,1,0,1
21.682,0.98,0.17,0,0,0,0,1,0,0,0.04,0,0,0,0.57,1,1.4,1,0,0,0,0,0,0,0.52,1,0.01,0,0,0,0.49,0,0.71,0,0.07,0
22.016,0.98,0.2,0,0,0,0.27,1,0,0,0.24,0,0,0,0.51,1,1.2,1,0,0,0,0,0,0,0.39,1,0.19,0,0,0,0.51,0,0.39,0,0.03,0
22.35,0.98,0,0,0,0,0.43,1,0,0,0.31,0,0,0,0.46,1,0.54,1,0,0,0,0,0,0,0.55,1,0.76,1,0,0,0.23,0,0.13,0,0,0
22.683,0.98,0.26,0,0.29,0,1.02,1,0.18,1,0.32,0,0.36,1,0,0,0,0,0,0,0,0,0,0,0.76,1,1.03,1,0.46,0,0.03,1,0.02,0,0,0
23.017,0.98,0.61,0,0.12,0,0.82,1,0.17,0,0.42,0,0.19,0,0.01,0,0.16,0,0,0,0,0,0,0,0.67,1,0.62,0,0.25,0,0.54,1,0.7,1,0,0
23.35,0.98,0.65,0,0.32,0,0.92,1,0.13,0,0.47,0,0.26,0,0.15,0,0.31,0,0,0,0,0,0,0,0.61,1,0.55,0,0.09,0,0.7,1,0.66,1,0,0
23.684,0.98,0.56,0,0.09,0,0.88,1,0.17,0,0.32,0,0.22,0,0,0,0.66,0,0,0,0,0,0,0,0.5,1,0.37,0,0,0,0.77,1,0.49,1,0,0
24.017,0.98,0.05,0,0,0,0,1,0,0,0,0,0.02,1,0.04,1,0.61,1,0.04,0,0,0,0,0,0.12,1,0,0,0.02,0,0,0,0,0,0,1
24.351,0.98,0.07,0,0,0,0,1,0,0,0,0,0,1,0.1,1,0.63,1,0.39,0,0,0,0,0,0.28,1,0,0,0,0,0,0,0.09,0,0,1
24.685,0.98,0.07,0,0,0,0,1,0,0,0,0,0,1,0,1,0.43,1,0.34,0,0,0,0,0,0.22,1,0,0,0,0,0,0,0.04,0,0,1
25.018,0.98,0.04,0,0,0,0,1,0,0,0,0,0,1,0,1,0.18,1,0.22,0,0,0,0,0,0.13,1,0,0,0,0,0,0,0.06,0,0,1
25.352,0.98,0.19,0,0,0,0,0,0,0,0.07,0,0,1,0,1,0,1,0,0,0,0,0,0,0.12,1,0,0,0,0,0,0,0.13,0,0,1
25.685,0.98,0.16,0,0,0,0,1,0,0,0.06,0,0,1,0,1,0,1,0,0,0,0,0,0,0.31,1,0,0,0,0,0,0,0.21,0,0.01,1
26.019,0.98,0.05,0,0,0,0,0,0,0,0.04,0,0,0,0,1,0,1,0,0,0,0,0,0,0.06,1,0,0,0,0,0,0,0.17,0,0,0
26.352,0.98,0.02,0,0,0,0,0,0,0,0.03,0,0,0,0,1,0,1,0,0,0,0,0,0,0.24,1,0,0,0,0,0,0,0.15,0,0.04,1
26.686,0.98,0,0,0,0,0,0,0,0,0,0,0,0,0,1,0,1,0,0,0,0,0,0,0.17,1,0,0,0,0,0.03,0,0.13,0,0,0
27.02,0.98,0,0,0,0,0,0,0,0,0,0,0,0,0.02,1,0,1,0,0,0,0,0,0,0.13,1,0,0,0,0,0,0,0.05,0,0.01,0
27.353,0.98,0.04,0,0,0,0,0,0,0,0,0,0,0,0.07,1,0.1,1,0,0,0,0,0,0,0.13,0,0,0,0,0,0.05,0,0.1,0,0,0
27.687,0.98,0,0,0,0,0,0,0,0,0,0,0,0,0.05,1,0,1,0,0,0,0,0,0,0.15,0,0,0,0,0,0.12,0,0.19,0,0.01,0
28.02,0.98,0,0,0,0,0,0,0,0,0,0,0,0,0,1,0,1,0,0,0,0,0,0,0.02,0,0,0,0,0,0.06,0,0.1,0,0.05,0
28.354,0.98,0,0,0,0,0,0,0,0,0,0,0,0,0,1,0,1,0,0,0,0,0,0,0,0,0,0,0,0,0.11,0,0.25,0,0.04,0
28.687,0.98,0,0,0,0,0,0,0,0,0,0,0,0,0.02,1,0,1,0,0,0,0,0,0,0,0,0,0,0,0,0.27,0,0.23,0,0.01,0
29.021,0.98,0,0,0,0,0,0,0,0,0,0,0,0,0.13,1,0,1,0,0,0,0,0,0,0.09,0,0,0,0,0,0.05,0,0.12,0,0,0
29.355,0.98,0,0,0,0,0,0,0,0,0,0,0,0,0.48,1,0.23,1,0,0,0,0,0,0,0.16,0,0,0,0,0,0.05,0,0.09,0,0,0
29.688,0.98,0,0,0,0,0,0,0,0,0,0,0,0,0.4,1,0.13,1,0,0,0,0,0,0,0.06,0,0,0,0,0,0.15,0,0.34,0,0,0
30.022,0.98,0,0,0,0,0,0,0,0,0,0,0,0,0.36,1,0.16,1,0,0,0,0,0,0,0.2,0,0,0,0,0,0.14,0,0.08,0,0,0
30.355,0.98,0,0,0,0,0,0,0,0,0,0,0,0,0.29,1,0,1,0,0,0,0,0,0,0.19,0,0,0,0,0,0.31,0,0.19,0,0,0
30.689,0.98,0,0,0,0,0,0,0,0,0,0,0,0,0.39,1,0.21,1,0,0,0,0,0,0,0.18,0,0,0,0,0,0.38,0,0.24,0,0,0
31.022,0.98,0,0,0,0,0,0,0,0,0,0,0,0,0.34,1,0,1,0,0,0,0,0,0,0.13,0,0,0,0,0,0.42,0,0.39,0,0,0
31.356,0.98,0,0,0,0,0,1,0,0,0,0,0,0,0.46,1,0,1,0,0,0,0,0.01,0,0.47,0,0,0,0,0,0.49,0,0.16,0,0,0
31.69,0.98,0,0,0,0,0,1,0,0,0,0,0,0,0.35,1,0,1,0,0,0,0,0,0,0.21,0,0,0,0,0,0.56,0,0.33,0,0,0
32.023,0.98,0,0,0,0,0,0,0,0,0,0,0,0,0.26,1,0,1,0,0,0,0,0.06,0,0.44,0,0,0,0,0,0.52,0,0.18,0,0,0
32.357,0.98,0,0,0,0,0,0,0,0,0,0,0,0,0.43,1,0,1,0,0,0,0,0,0,0.35,0,0.01,0,0,0,0.36,0,0.14,0,0,0
32.69,0.98,0,0,0,0,0,1,0,0,0,0,0,0,0.39,1,0.07,1,0,0,0,0,0.09,0,0.21,0,0,0,0,0,0.45,0,0.1,0,0.01,0
33.024,0.98,0,0,0,0,0,0,0,0,0,0,0,0,0.36,1,0,1,0,0,0,0,0,0,0.14,0,0,0,0,0,0.32,0,0.29,0,0.04,0
33.358,0.98,0,0,0,0,0,1,0,0,0,0,0,0,0.17,1,0,1,0,0,0,0,0.04,0,0.36,0,0,0,0,0,0.33,0,0.21,0,0,0
33.691,0.98,0,0,0,0,0,0,0,0,0,0,0,0,0.14,1,0,1,0,0,0,0,0,0,0.36,0,0,0,0,0,0.48,0,0.34,0,0.23,0
34.025,0.98,0,0,0,0,0,1,0,0,0,0,0,0,0.3,1,0,1,0,0,0,0,0.01,0,0.24,0,0,0,0,0,0.5,0,0.15,0,0.12,0
34.358,0.98,0,0,0,0,0,0,0,0,0,0,0,0,0.1,1,0,1,0,0,0,0,0,0,0.51,0,0,0,0,0,0.45,0,0.22,0,0,0
34.692,0.98,0,0,0,0,0,0,0,0,0,0,0,0,0.01,1,0,1,0,0,0,0,0,0,0.16,0,0,0,0,0,0.35,0,0.04,0,0.06,0
35.025,0.98,0,0,0,0,0,0,0,0,0,0,0,0,0.01,1,0,1,0,0,0,0,0,0,0.44,0,0,0,0,0,0.3,0,0.23,0,0.07,0
35.359,0.98,0,0,0,0,0,0,0,0,0,0,0,0,0.01,1,0,1,0,0,0,0,0,0,0.2,0,0.03,0,0,0,0.39,0,0.1,0,0,0
35.693,0.98,0,0,0,0,0,0,0,0,0,0,0,0,0,1,0,1,0,0,0,0,0.02,0,0.3,0,0,0,0,0,0.4,0,0.02,0,0.07,0
36.026,0.98,0,0,0,0,0,0,0,0,0,0,0,0,0,1,0,1,0,0,0,0,0,0,0.12,0,0,0,0,0,0.59,0,0,0,0,0
36.36,0.98,0,0,0,0,0,0,0,0,0,0,0,0,0,1,0,1,0,0,0,0,0.03,0,0.23,0,0,0,0,0,0.44,0,0.01,0,0,0
36.693,0.98,0,0,0,0,0,0,0,0,0,0,0,0,0,0,0,0,0,0,0,0,0,0,0.25,0,0,0,0,0,0.33,0,0.16,0,0.08,0
37.027,0.98,0,0,0,0,0,0,0,0,0,0,0,0,0,0,0,0,0,0,0,0,0,0,0.36,0,0,0,0,0,0.26,0,0.04,0,0.16,0
37.36,0.98,0,0,0,0,0,0,0,0,0,0,0,0,0,0,0,0,0,0,0,0,0,0,0.25,0,0,0,0,0,0.44,0,0.09,0,0.07,0
37.694,0.98,0,0,0,0,0,0,0,0,0,0,0,0,0,1,0,0,0,0,0,0,0.07,0,0.12,0,0,0,0,0,0.57,0,0.15,0,0.07,0
38.028,0.98,0,0,0,0,0,0,0,0,0,0,0,0,0,0,0,0,0,0,0,0,0.09,0,0.43,0,0,0,0,0,0.43,0,0,0,0.08,0
38.361,0.98,0,0,0,0,0,0,0,0,0,0,0,0,0,0,0,0,0,0,0,0,0.03,0,0.32,0,0,0,0,0,0.34,0,0,0,0.08,0
38.695,0.98,0,0,0,0,0,0,0,0,0,0,0,0,0,0,0,0,0,0,0,0,0,0,0.28,0,0,0,0,0,0.44,0,0.11,0,0.06,0
39.028,0.98,0,0,0,0,0.01,0,0,0,0,0,0,0,0,0,0,0,0,0,0,0,0.01,0,0.41,0,0,0,0,0,0.49,0,0.24,0,0.06,0
39.362,0.98,0,0,0,0,0.07,1,0,0,0,0,0,0,0,0,0,0,0,0,0,0,0.02,0,0.36,0,0,0,0,0,0.46,0,0.25,0,0,0
39.695,0.98,0,0,0,0,0,1,0,0,0,0,0,0,0,0,0,0,0,0,0,0,0,0,0.26,0,0,0,0,0,0.33,0,0.2,0,0,0
40.029,0.98,0,0,0,0,0,1,0,0,0,0,0,0,0,0,0,0,0,0,0,0,0,0,0.32,0,0,0,0,0,0.34,0,0.25,0,0.05,0
40.363,0.98,0,0,0,0,0.08,1,0,0,0,0,0,0,0,0,0,0,0,0,0,0,0.05,0,0.39,0,0,0,0,0,0.45,0,0.17,0,0.08,0
40.696,0.98,0,0,0,0,0.01,0,0,0,0,0,0,0,0,0,0,0,0,0,0,0,0.09,0,0.29,0,0,0,0,0,0.54,0,0.18,0,0.05,0
41.03,0.98,0.12,0,0,0,0.11,1,0,0,0,0,0,0,0,0,0,0,0,0,0,0,0,0,0,0,0.01,0,0,0,1.53,1,1.21,1,0,1
41.363,0.98,0,0,0,0,0.06,0,0,0,0,0,0,0,0,0,0,0,0,0,0,0,0,0,0.16,0,0,0,0,0,1.15,1,0.78,1,0,0
41.697,0.98,0,0,0,0,0.09,0,0,0,0,0,0,0,0,0,0,0,0,0,0,0,0,0,0.32,0,0,0,0,0,0.72,0,0.32,0,0.14,0
42.03,0.98,0.17,0,0.08,1,0,1,0,0,0,0,0,1,0,0,0,0,0,0,0.03,0,0,0,0,0,0,0,0,0,1.37,1,0.96,1,0,1
42.364,0.98,0,0,0.04,1,0.12,0,0,0,0.19,0,0,1,0,1,0,1,0.28,0,0,0,0,0,0.03,0,0,0,0,0,0.61,0,0,1,0,0
42.698,0.98,0,0,0.16,1,0.57,0,0,0,0.01,0,0,0,0,1,0,0,0,0,0,0,0,0,0,0,0.24,0,0,0,1.92,1,0.01,1,0,0
43.031,0.98,0,0,0.01,0,0.34,1,0,0,0.04,0,0,0,0,1,0,0,0,0,0,0,0,0,0,0,0,0,0,0,1.62,1,0,1,0,1
43.365,0.98,0,0,0.04,1,0.12,0,0,0,0.09,0,0,0,0,1,0,1,0,0,0,0,0,0,0,0,0,0,0,0,1.76,1,0,1,0,0
43.698,0.98,0,0,0,0,0,0,0,0,0.05,0,0,0,0.06,1,0,1,0,0,0,0,0,0,0,0,0,0,0,0,1.64,1,0,1,0,0
44.032,0.98,0,0,0,0,0.03,0,0,0,0.01,0,0,0,0,1,0,1,0,0,0,0,0,0,0,0,0,0,0,0,1.7,1,0.01,1,0.02,0
44.365,0.98,0,0,0,0,0.07,1,0,0,0.13,0,0,0,0.2,1,0,1,0,0,0,0,0,0,0,0,0,0,0,0,1.77,1,0.03,1,0.03,0
44.699,0.98,0,0,0,0,0,0,0,0,0.03,0,0,0,0.23,1,0,1,0,1,0,0,0,0,0,0,0,0,0,0,1.77,1,0.01,1,0,0
45.033,0.98,0,0,0,0,0.07,0,0,0,0.04,0,0,0,0.25,1,0,1,0,0,0,0,0,0,0,0,0,0,0,0,1.55,1,0,1,0,0
45.366,0.98,0.04,0,0.07,0,0.57,1,0.12,0,0.44,0,0,0,1.13,1,0.28,0,0,0,0,0,0.02,0,0.45,0,0,0,0,0,1.57,1,0.98,1,0,0
45.7,0.88,0.69,1,0.06,0,0.46,1,0,0,0,0,0.09,0,0.97,1,0.05,0,0.08,0,0,0,0,1,2.22,1,0.17,0,0,0,2.22,1,1.06,1,0,0
46.033,0.88,2.5,0,0,0,0.83,1,0,0,0,0,0,0,0.31,1,0,0,0.31,1,0,0,0.83,1,4.06,1,0,0,0.99,0,0.91,0,1.2,0,0.08,0
46.367,0.88,3.01,1,0,0,0.56,1,0,0,0,0,0,0,0.66,1,0.01,0,0.15,1,0,0,0.96,1,3.93,1,0,0,0.52,0,1.46,0,0.8,0,0.05,0
46.701,0.88,1.9,1,0,0,0.51,1,0,0,0,0,0,0,1.1,1,0,0,0.29,1,0,0,1.43,1,3.18,1,0.02,0,0.65,0,1.43,0,1.18,1,0.07,0
47.034,0.88,1.25,1,0.21,0,0.75,1,0.23,0,0,0,0,0,0.86,1,0,0,0,1,0,0,0.06,1,2.62,1,0.1,0,0.19,0,2.3,0,1.2,1,0,0
47.368,0.88,1.92,1,0.01,0,0.69,1,0,0,0,0,0,0,0.32,0,0.33,0,0.06,1,0,0,0,0,0.24,0,0,0,0,0,0.84,0,1.62,1,0,0
47.701,0.98,1.09,0,0.1,1,0.06,1,0.13,0,0,0,0,1,0,0,0,0,0,0,0.06,1,0,0,0,0,0,0,0.03,0,0.53,1,1.27,0,0,0
48.035,0.98,0.53,0,0,0,0.02,1,0.02,0,0.01,0,0,0,0.38,1,0.69,1,0.47,1,0,0,0.12,0,0,0,0,0,0,0,0.73,0,0.87,1,0,1
48.368,0.98,0.62,0,0.08,0,0.08,1,0.22,0,0,0,0,0,0.69,1,0.87,1,0.55,0,0,0,0,0,0,0,0,0,0,0,0.75,0,0.69,1,0.01,1
48.702,0.98,0.15,1,0,0,0,0,0,0,0,0,0,0,0.09,0,0.08,0,0.16,1,0,0,0,0,0.09,0,0,0,0.17,0,0.34,0,0.3,0,0,0
49.036,0.98,1.06,1,0,0,0,0,0,0,0,0,0,0,0.65,1,0.35,0,0.46,1,0,0,1.58,1,2.46,1,0,0,0.12,0,0.36,0,0.53,0,1.52,0
49.369,0.88,1.12,1,0,0,0.43,0,0,0,0,0,0,0,0.94,0,0.21,0,0.15,1,0.01,0,3.93,1,2.87,1,0,0,0.41,0,0,0,0.19,0,0.64,0
49.703,0.88,1.25,1,0,0,0.66,0,0,0,0,0,0,0,0.79,1,0.09,0,0.07,1,0,0,4.12,1,2.95,1,0,0,0.33,0,0,0,0.05,0,0.55,0
50.036,0.88,1.91,1,0,0,0,0,0,0,0,0,0,0,0.75,1,0.08,0,0.05,1,0,0,1.33,1,3.65,1,0,0,0.39,0,0.34,0,1.35,0,0.02,0
50.37,0.88,2.34,1,0,0,0.1,0,0,0,0,0,0,0,0.78,1,0,0,0.26,1,0,0,1.14,1,4.18,1,0,0,0.55,0,1.03,0,1.4,0,0.17,0
50.703,0.88,2.4,1,0,0,0,0,0,0,0,0,0,0,0.72,1,0.06,0,0.34,1,0,0,1.42,1,4.16,1,0,0,0.56,0,0.94,0,1.25,0,0.18,0
51.037,0.88,2.27,1,0,0,0,0,0,0,0,0,0,0,1.02,1,0.11,0,0.31,1,0,0,1.2,1,3.82,1,0,0,0.51,0,0.85,0,1.53,0,0.07,0
51.371,0.82,1.85,1,0,0,0,0,0,0,0,0,0,0,1,1,0.36,0,0.65,1,0,0,1.55,1,4.6,1,0,0,0.94,0,0.68,0,1.93,0,0,0
51.704,0.88,1.45,1,0,0,0.34,0,0,0,0,0,0,0,0.56,1,0.44,0,0,1,0,0,2.7,1,3.91,1,0,0,0.81,0,0.22,0,1.35,0,0.06,0
52.038,0.88,1.79,1,0,0,0.19,0,0,0,0,0,0,0,0.95,1,0.09,0,0,0,0,0,4.66,1,3.15,1,0,0,0.57,0,0,0,0.95,0,0.07,0
52.371,0.88,2.62,1,0,0,0.75,1,0.01,0,0,0,0.03,0,0.8,1,0,0,0.21,1,0,0,1.11,1,4.03,1,0,0,0.9,0,0.05,0,1.53,0,0,0
52.705,0.88,2.27,1,0,0,0.59,1,0,0,0,0,0,0,0.71,1,0,0,0.34,1,0,0,1.45,1,4.42,1,0,0,1,0,0.05,0,1.53,0,0,0
53.038,0.88,2.25,1,0,0,0.12,1,0,0,0,0,0,0,0.91,1,0.02,0,0.02,1,0,0,1.58,1,3.98,1,0,0,0.65,0,0,0,1.77,0,0,0
53.372,0.98,1.59,1,0,0,0,0,0,0,0,0,0,0,1.34,1,0.84,0,0,1,0,0,1.19,1,3.23,1,0,0,1.04,0,0.21,0,1.48,0,0.58,0
53.706,0.98,1.04,1,0,0,0,0,0.01,0,0,0,0,0,1.41,1,1.04,0,0,1,0,0,2.07,1,3.65,1,0,0,0.96,0,0.32,0,1.2,0,0.39,0
54.039,0.98,0.55,0,0,0,0,0,0.12,0,0,0,0,0,1.41,0,0.86,0,0,1,0,0,1.76,1,2.95,1,0,0,1,0,0.23,0,1.42,0,0.16,0
54.373,0.03,0,0,0,0,0,0,0,0,0,0,0,0,0,0,0,0,0,0,0,0,0,0,0,0,0,0,0,0,0,0,0,0,0,0
54.706,0.52,0,0,0,0,0,0,0,0,0,0,0,0,0,0,0,0,0,0,0,0,0,0,0,0,0,0,0,0,0,0,0,0,0,0
55.04,0.28,0,0,0,0,0,0,0,0,0,0,0,0,0,0,0,0,0,0,0,0,0,0,0,0,0,0,0,0,0,0,0,0,0,0
55.373,0.52,0,0,0,0,0,0,0,0,0,0,0,0,0,0,0,0,0,0,0,0,0,0,0,0,0,0,0,0,0,0,0,0,0,0
55.707,0.38,0,0,0,0,0,0,0,0,0,0,0,0,0,0,0,0,0,0,0,0,0,0,0,0,0,0,0,0,0,0,0,0,0,0
56.041,0.03,0,0,0,0,0,0,0,0,0,0,0,0,0,0,0,0,0,0,0,0,0,0,0,0,0,0,0,0,0,0,0,0,0,0
56.374,0.03,0,0,0,0,0,0,0,0,0,0,0,0,0,0,0,0,0,0,0,0,0,0,0,0,0,0,0,0,0,0,0,0,0,0
56.708,0.98,0.52,0,0.54,1,1.59,1,2.16,0,0,0,0,0,0.83,1,2.21,1,0,0,0,0,2.14,0,5,1,5,1,1.4,0,2.87,0,3.85,0,0.04,0
57.041,0.03,0,0,0,0,0,0,0,0,0,0,0,0,0,0,0,0,0,0,0,0,0,0,0,0,0,0,0,0,0,0,0,0,0,0
57.375,0.88,0.71,1,0.48,0,2.27,1,0.54,0,0.17,0,0.11,0,0,1,0,0,0.95,1,0.13,0,0.17,1,3.43,1,0.03,0,1.91,1,0.05,0,0.64,0,0,0
57.709,0.03,0,0,0,0,0,0,0,0,0,0,0,0,0,0,0,0,0,0,0,0,0,0,0,0,0,0,0,0,0,0,0,0,0,0
58.042,0.03,0,0,0,0,0,0,0,0,0,0,0,0,0,0,0,0,0,0,0,0,0,0,0,0,0,0,0,0,0,0,0,0,0,0
58.376,0.03,0,0,0,0,0,0,0,0,0,0,0,0,0,0,0,0,0,0,0,0,0,0,0,0,0,0,0,0,0,0,0,0,0,0
58.709,0.03,0,0,0,0,0,0,0,0,0,0,0,0,0,0,0,0,0,0,0,0,0,0,0,0,0,0,0,0,0,0,0,0,0,0
59.043,0.03,0,0,0,0,0,0,0,0,0,0,0,0,0,0,0,0,0,0,0,0,0,0,0,0,0,0,0,0,0,0,0,0,0,0
59.376,0.03,0,0,0,0,0,0,0,0,0,0,0,0,0,0,0,0,0,0,0,0,0,0,0,0,0,0,0,0,0,0,0,0,0,0
59.71,0.03,0,0,0,0,0,0,0,0,0,0,0,0,0,0,0,0,0,0,0,0,0,0,0,0,0,0,0,0,0,0,0,0,0,0
60.044,0.03,0,0,0,0,0,0,0,0,0,0,0,0,0,0,0,0,0,0,0,0,0,0,0,0,0,0,0,0,0,0,0,0,0,0
60.377,0.03,0,0,0,0,0,0,0,0,0,0,0,0,0,0,0,0,0,0,0,0,0,0,0,0,0,0,0,0,0,0,0,0,0,0
60.711,0.03,0,0,0,0,0,0,0,0,0,0,0,0,0,0,0,0,0,0,0,0,0,0,0,0,0,0,0,0,0,0,0,0,0,0
61.044,0.03,0,0,0,0,0,0,0,0,0,0,0,0,0,0,0,0,0,0,0,0,0,0,0,0,0,0,0,0,0,0,0,0,0,0
61.378,0.03,0,0,0,0,0,0,0,0,0,0,0,0,0,0,0,0,0,0,0,0,0,0,0,0,0,0,0,0,0,0,0,0,0,0
61.711,0.03,0,0,0,0,0,0,0,0,0,0,0,0,0,0,0,0,0,0,0,0,0,0,0,0,0,0,0,0,0,0,0,0,0,0
62.045,0.03,0,0,0,0,0,0,0,0,0,0,0,0,0,0,0,0,0,0,0,0,0,0,0,0,0,0,0,0,0,0,0,0,0,0
62.379,0.03,0,0,0,0,0,0,0,0,0,0,0,0,0,0,0,0,0,0,0,0,0,0,0,0,0,0,0,0,0,0,0,0,0,0
62.712,0.03,0,0,0,0,0,0,0,0,0,0,0,0,0,0,0,0,0,0,0,0,0,0,0,0,0,0,0,0,0,0,0,0,0,0
63.046,0.03,0,0,0,0,0,0,0,0,0,0,0,0,0,0,0,0,0,0,0,0,0,0,0,0,0,0,0,0,0,0,0,0,0,0
63.379,0.03,0,0,0,0,0,0,0,0,0,0,0,0,0,0,0,0,0,0,0,0,0,0,0,0,0,0,0,0,0,0,0,0,0,0
63.713,0.03,0,0,0,0,0,0,0,0,0,0,0,0,0,0,0,0,0,0,0,0,0,0,0,0,0,0,0,0,0,0,0,0,0,0
64.046,0.03,0,0,0,0,0,0,0,0,0,0,0,0,0,0,0,0,0,0,0,0,0,0,0,0,0,0,0,0,0,0,0,0,0,0
64.38,0.03,0,0,0,0,0,0,0,0,0,0,0,0,0,0,0,0,0,0,0,0,0,0,0,0,0,0,0,0,0,0,0,0,0,0
64.714,0.03,0,0,0,0,0,0,0,0,0,0,0,0,0,0,0,0,0,0,0,0,0,0,0,0,0,0,0,0,0,0,0,0,0,0
65.047,0.03,0,0,0,0,0,0,0,0,0,0,0,0,0,0,0,0,0,0,0,0,0,0,0,0,0,0,0,0,0,0,0,0,0,0
65.381,0.03,0,0,0,0,0,0,0,0,0,0,0,0,0,0,0,0,0,0,0,0,0,0,0,0,0,0,0,0,0,0,0,0,0,0
65.714,0.03,0,0,0,0,0,0,0,0,0,0,0,0,0,0,0,0,0,0,0,0,0,0,0,0,0,0,0,0,0,0,0,0,0,0
66.048,0.03,0,0,0,0,0,0,0,0,0,0,0,0,0,0,0,0,0,0,0,0,0,0,0,0,0,0,0,0,0,0,0,0,0,0
66.381,0.03,0,0,0,0,0,0,0,0,0,0,0,0,0,0,0,0,0,0,0,0,0,0,0,0,0,0,0,0,0,0,0,0,0,0
66.715,0.03,0,0,0,0,0,0,0,0,0,0,0,0,0,0,0,0,0,0,0,0,0,0,0,0,0,0,0,0,0,0,0,0,0,0
67.049,0.03,0,0,0,0,0,0,0,0,0,0,0,0,0,0,0,0,0,0,0,0,0,0,0,0,0,0,0,0,0,0,0,0,0,0
67.382,0.03,0,0,0,0,0,0,0,0,0,0,0,0,0,0,0,0,0,0,0,0,0,0,0,0,0,0,0,0,0,0,0,0,0,0
67.716,0.03,0,0,0,0,0,0,0,0,0,0,0,0,0,0,0,0,0,0,0,0,0,0,0,0,0,0,0,0,0,0,0,0,0,0
68.049,0.03,0,0,0,0,0,0,0,0,0,0,0,0,0,0,0,0,0,0,0,0,0,0,0,0,0,0,0,0,0,0,0,0,0,0
68.383,0.03,0,0,0,0,0,0,0,0,0,0,0,0,0,0,0,0,0,0,0,0,0,0,0,0,0,0,0,0,0,0,0,0,0,0
68.716,0.03,0,0,0,0,0,0,0,0,0,0,0,0,0,0,0,0,0,0,0,0,0,0,0,0,0,0,0,0,0,0,0,0,0,0
69.05,0.03,0,0,0,0,0,0,0,0,0,0,0,0,0,0,0,0,0,0,0,0,0,0,0,0,0,0,0,0,0,0,0,0,0,0
69.384,0.03,0,0,0,0,0,0,0,0,0,0,0,0,0,0,0,0,0,0,0,0,0,0,0,0,0,0,0,0,0,0,0,0,0,0
69.717,0.03,0,0,0,0,0,0,0,0,0,0,0,0,0,0,0,0,0,0,0,0,0,0,0,0,0,0,0,0,0,0,0,0,0,0
70.051,0.03,0,0,0,0,0,0,0,0,0,0,0,0,0,0,0,0,0,0,0,0,0,0,0,0,0,0,0,0,0,0,0,0,0,0
70.384,0.03,0,0,0,0,0,0,0,0,0,0,0,0,0,0,0,0,0,0,0,0,0,0,0,0,0,0,0,0,0,0,0,0,0,0
70.718,0.03,0,0,0,0,0,0,0,0,0,0,0,0,0,0,0,0,0,0,0,0,0,0,0,0,0,0,0,0,0,0,0,0,0,0
71.052,0.03,0,0,0,0,0,0,0,0,0,0,0,0,0,0,0,0,0,0,0,0,0,0,0,0,0,0,0,0,0,0,0,0,0,0
71.385,0.88,0.42,0,0.13,0,0,1,0,0,0.22,0,0.01,1,0,0,0,0,0,0,0,0,0.03,1,0.79,1,0.28,1,0.65,0,0,1,1.62,1,0,1
71.719,0.98,0.37,1,0,0,0.08,0,0.44,0,0.02,0,0,0,0,0,0,0,0,0,0,0,0.45,0,0.72,1,0,0,0.16,0,0.51,1,0.89,0,0,0
72.052,0.98,0.04,1,0,0,0.01,0,0.29,0,0,0,0,0,0.13,0,0,0,0,0,0,0,1.76,1,2.29,1,0,0,0.06,0,0.69,0,0.22,0,0,0
72.386,0.98,0.29,0,0.14,0,0,0,0.48,0,0,0,0,0,0.9,1,0.31,0,0,0,0,0,2.56,1,2.75,1,0.12,0,0.14,0,0.8,0,1.35,0,0,0
72.719,0.98,0.57,1,0,0,0.03,0,0.53,0,0,0,0,0,0.63,1,0.1,0,0,1,0,0,1.1,1,1.77,1,0,0,0.15,0,1.22,0,0.57,0,0,0
73.053,0.98,0.11,1,0,0,0,0,0.31,0,0,0,0,0,0.2,1,0.03,0,0,1,0,0,1.03,1,1.69,1,0,0,0,0,1.03,0,0.48,0,0,0
73.387,0.98,0.06,0,0.02,0,0,0,0,0,0,0,0,0,0,0,0,0,0,0,0,0,0,0,0.53,0,0.75,0,0.01,0,1.17,1,2.33,1,0,0
73.72,0.98,0.66,1,0,0,0,0,0.05,0,0,0,0,0,0,0,0,0,0,1,0,0,0.28,0,0,0,0,0,0,0,0.99,1,2.4,1,0,1
74.054,0.98,0,0,0,0,0.03,0,0.4,0,0.04,0,0,1,0,1,0,0,0,0,0,0,0.52,0,0,0,0,0,0,0,0.87,1,0.24,1,0.64,1
74.387,0.98,0,0,0.1,0,0.52,1,0.78,1,0.17,0,0.06,1,0,1,0,0,0,0,0.58,1,0.41,1,0,0,0,0,0,0,0.22,1,0.01,0,0.94,1
74.721,0.98,0,0,0.17,0,1,1,0.08,0,0.02,0,0,1,0,1,0,1,0,0,0.57,1,0.58,1,0.01,0,0,0,0,0,0.39,1,0.48,0,0.12,1
75.054,0.98,0,0,0,0,0.39,1,0.05,0,0,0,0,0,0,0,0,0,0,0,0.25,1,0.4,0,0.25,0,0,0,0,0,1.19,1,1.27,0,0,0
75.388,0.98,0.01,0,0.08,0,0.1,1,0.01,0,0,0,0,0,0,0,0,0,0,0,0,0,0,0,1.12,1,0.45,0,0,0,1.33,1,2.3,1,0,0
75.722,0.98,0.12,0,0.01,0,0.26,1,0,0,0,0,0,0,0,0,0,0,0,0,0,0,0.3,0,0.15,0,0,0,0,0,0.89,1,1.57,1,0,0
76.055,0.98,0,0,0,0,0.15,1,0,0,0,0,0,0,0,0,0,0,0,0,0,0,0.52,1,0.14,1,0,0,0,0,0.73,1,1.27,1,0,0
76.389,0.88,0,0,0,0,0.12,0,0,0,0,0,0,0,0,0,0,0,0,0,0,0,0.56,0,0.3,1,0,0,0,0,0.71,1,1.51,1,0,0
76.722,0.98,0.91,1,0,0,0,1,0,0,0,0,0,0,0,0,0,0,0,0,0,0,0.4,0,1.92,1,0,0,0,0,1.18,1,1.16,0,0,0
77.056,0.98,0.02,0,0.02,0,0.24,0,0.19,0,0.16,0,0.05,0,0,0,0,0,0,1,0,0,0.56,0,1.11,1,1.39,1,0,0,0.97,1,1.68,1,0,0
77.389,0.98,0.16,0,0.07,0,1.09,1,0.14,0,0,0,0,0,0,0,0,0,0,0,0.37,1,0.27,0,0.35,0,0.34,1,0,0,0.44,1,0.88,0,0.12,1
77.723,0.93,0,0,0.15,0,0.94,1,0.52,0,0.16,0,0,0,0.03,1,0,1,0,0,0.16,0,0.35,1,0,0,0.09,1,0,0,0,1,0.62,0,0.33,0
78.057,0.98,0,0,0.4,0,1.51,1,1.01,1,0,0,0,1,0,0,0,0,0,0,1.33,1,0,1,0.06,0,0.29,1,0,0,0,1,0.31,0,1.17,1
78.39,0.98,0,0,0.53,0,2.08,1,0.93,1,0,0,0,1,0,0,0,0,0,0,1.32,1,0,1,0,0,0.58,1,0,0,0,1,0.08,0,1.24,1
78.724,0.98,0,0,0.53,0,1.79,1,0.97,1,0,0,0,1,0,0,0,0,0,0,1.23,1,0,1,0,0,0.35,1,0,0,0,1,0.19,0,1.23,1
79.057,0.98,0,0,0.53,0,1.44,1,1.13,1,0,0,0,0,0,0,0,0,0,0,1.16,1,0,1,0,0,0.29,1,0,0,0,1,0.1,0,1.17,1
79.391,0.98,0,0,0.58,0,2.38,1,1.16,1,0,0,0,1,0,0,0,0,0,0,1.05,1,0,1,0.05,0,0.34,1,0,0,0,1,0.31,0,1.33,1
79.724,0.98,0,0,0.43,0,1.58,1,0.99,1,0.02,0,0,0,0,0,0,0,0,0,1.22,1,0,1,0,0,0.44,1,0,0,0,1,0.11,0,1.27,1
80.058,0.88,0,0,0.43,0,0.25,1,0.51,1,0.29,0,0,0,0,0,0,0,0,0,0.1,1,0.08,1,0.07,1,0.07,0,0,0,0.47,1,0.68,0,0,0
80.392,0.88,0,0,0.05,0,0,0,0.59,1,0.41,0,0.04,1,0,0,0,0,0,0,0,1,0.19,0,0,1,0.08,0,0.03,0,0.96,1,1.26,0,0,1
80.725,0.88,0.91,1,0,0,0,0,0.03,0,0,0,0,0,0,0,0.32,0,1.07,1,0.05,0,0.26,0,0.73,1,0,0,1.11,0,1.07,0,1.1,0,0,0
81.059,0.73,0.2,0,0,0,0,0,0,0,0,0,0,0,0.02,0,0,0,0,0,0,0,0.23,0,0.33,0,0,0,0,0,0.74,0,0.25,0,0,0
81.392,0.93,0.26,0,0,0,0.18,0,0.59,1,0,0,0.06,0,0,0,0,0,0,0,0.15,0,0.98,1,0.6,1,0,1,0,0,0.33,1,1.35,1,0.36,1
81.726,0.98,0,0,0.45,0,2.99,1,0.99,1,0,0,0,0,0,0,0,0,0,1,1.13,1,0,1,0.17,0,0.25,1,0,0,0,1,0.49,0,0.71,0
82.059,0.98,0,0,0.59,1,2.55,1,0.87,1,0,0,0,1,0,0,0,0,0,1,0.72,1,0,1,0,0,0.39,1,0,0,0,0,0.09,0,0.37,0
82.393,0.98,0,0,0.6,1,2.25,1,0.79,1,0,0,0.21,1,0,0,0,0,0,1,0.87,1,0,1,0.09,0,0.66,1,0,0,0,0,0,0,0.65,0
82.727,0.98,0,0,0.41,1,2.62,1,0.99,1,0,1,0.27,1,0,0,0,0,0,1,0.85,1,0,1,0.01,0,0.21,1,0,0,0,0,0,0,0.87,0
83.06,0.98,0,0,0.3,0,2.35,1,1.07,1,0.02,0,0,1,0,0,0,0,0,1,0.2,1,0,1,0.06,0,0.02,1,0,0,0,1,0.53,0,1.12,0
83.394,0.98,0,0,0,0,0.53,0,0.59,1,0,0,0.16,1,0,0,0,0,0,0,0,1,0.08,1,0.03,0,0,1,0,0,0,1,1.05,0,0.8,0
83.727,0.88,0,0,0,0,0.67,1,0.28,0,0.54,0,0.7,0,0.12,1,0,1,0,0,0,0,0.1,0,0,0,0,0,0,0,0,1,0.37,0,0.15,1
84.061,0.88,0,0,0,0,0.08,0,0.11,0,0.15,0,0.31,0,0,0,0,0,0,0,0.08,1,0.01,0,0.03,0,0,0,0,0,0,1,0.42,0,0,1
84.395,0.82,0.02,0,0,0,0,0,0.26,0,0.27,0,0.33,1,0,0,0,0,0,1,0,0,0,0,1.03,1,0.32,0,0.02,0,1.54,1,1.98,1,0,0
84.728,0.88,0,0,0,0,0,0,0,0,0.02,0,0,0,0,1,0,0,0,1,0,0,0.7,0,1.27,1,0.1,0,0,0,1.16,1,0.67,0,0,0
85.062,0.98,0.49,1,0,0,0,0,0.53,0,0.06,0,0.12,0,0.17,1,0,0,0,0,0,0,0.39,0,0.64,0,0.23,0,0.06,0,0.31,1,0.6,0,0,0
85.395,0.03,0,0,0,0,0,0,0,0,0,0,0,0,0,0,0,0,0,0,0,0,0,0,0,0,0,0,0,0,0,0,0,0,0,0
85.729,0.03,0,0,0,0,0,0,0,0,0,0,0,0,0,0,0,0,0,0,0,0,0,0,0,0,0,0,0,0,0,0,0,0,0,0
86.062,0.98,0.05,1,0.1,0,0.57,0,0.57,0,0,0,0,0,0,0,0,0,0.53,0,0,0,3.48,1,2.87,0,3.79,1,0.32,0,3.32,0,0,0,0,0
86.396,0.98,0.01,1,0,0,0.95,0,0.05,0,0,0,0,0,0,0,0,0,0.21,1,0,0,4.64,1,3.49,1,4.53,1,0.14,0,2.31,0,0.72,0,0,0
86.73,0.03,0,0,0,0,0,0,0,0,0,0,0,0,0,0,0,0,0,0,0,0,0,0,0,0,0,0,0,0,0,0,0,0,0,0
87.063,0.03,0,0,0,0,0,0,0,0,0,0,0,0,0,0,0,0,0,0,0,0,0,0,0,0,0,0,0,0,0,0,0,0,0,0
87.397,0.03,0,0,0,0,0,0,0,0,0,0,0,0,0,0,0,0,0,0,0,0,0,0,0,0,0,0,0,0,0,0,0,0,0,0
87.73,0.03,0,0,0,0,0,0,0,0,0,0,0,0,0,0,0,0,0,0,0,0,0,0,0,0,0,0,0,0,0,0,0,0,0,0
88.064,0.03,0,0,0,0,0,0,0,0,0,0,0,0,0,0,0,0,0,0,0,0,0,0,0,0,0,0,0,0,0,0,0,0,0,0
88.397,0.03,0,0,0,0,0,0,0,0,0,0,0,0,0,0,0,0,0,0,0,0,0,0,0,0,0,0,0,0,0,0,0,0,0,0
88.731,0.03,0,0,0,0,0,0,0,0,0,0,0,0,0,0,0,0,0,0,0,0,0,0,0,0,0,0,0,0,0,0,0,0,0,0
89.065,0.03,0,0,0,0,0,0,0,0,0,0,0,0,0,0,0,0,0,0,0,0,0,0,0,0,0,0,0,0,0,0,0,0,0,0
89.398,0.88,0.48,0,0.12,0,0.06,0,0,0,0,0,0,0,0.54,0,0.22,0,0.23,0,0,0,0.26,0,1.22,0,0.49,0,0.38,0,0.46,0,0.73,0,0,0
89.732,0.98,0.1,0,0.09,0,0.09,0,0.52,0,0,0,0,0,0,0,0.17,0,0.21,0,0,0,1.03,0,0.77,0,0.44,0,0.17,0,0.43,0,0.2,0,0,0
90.065,0.88,0.23,0,0,0,0,0,0.2,0,0.33,0,0,0,0,0,0,0,0,0,0,0,0.39,0,1.95,1,0.88,1,1.6,1,0,0,0,0,0,0
90.399,0.82,0.01,0,0,0,0,0,0,0,0,0,0,0,0,0,0,0,0,1,0,0,0.04,0,1.87,1,0.09,1,0.88,0,0,0,0,0,0,0
90.732,0.88,1.28,1,0,0,0,1,0,0,0,0,0.13,0,0,0,0,0,0,0,0,0,0,1,0.42,1,0.13,0,0.04,0,0.46,1,2.77,1,0,0
91.066,0.93,1.32,1,0,0,0,0,0,0,0,0,0,0,0.14,1,0,0,0,0,0,0,1.44,1,2.03,1,0,0,0.36,0,2.42,0,0.6,0,0,0
91.4,0.98,0.32,0,0,0,0.55,0,0.61,0,0,0,0,0,1.35,1,0.19,0,0,0,0,0,1.71,1,3.2,1,0,0,0.29,0,1.17,0,0.7,0,0,0
91.733,0.98,0.77,0,0,0,0.2,0,0.43,0,0,0,0,0,1.35,1,0.66,0,0,0,0,0,1.47,1,2.44,1,0,0,0.25,0,1.19,0,0.65,0,0.38,0
92.067,0.98,2.23,1,0,0,0,0,0.46,0,0,0,0,0,1.48,1,0.15,0,0.01,1,0,0,0.94,1,1.92,1,0,0,0.61,0,0.06,0,0.76,0,0,0
92.4,0.98,1.12,1,0,0,0,0,1.07,0,0,0,0,0,1.15,1,0.62,0,0.07,1,0,0,0.41,0,1.46,0,0.3,0,0.03,0,0.18,0,0.69,0,0,0
92.734,0.98,1.4,1,0,0,0,0,0,0,0,0,0.15,1,0,0,1.81,1,0,0,0,0,0,1,0.44,1,0.02,0,0.47,1,0.39,0,2.45,0,1.07,1
93.067,0.93,0.16,0,0.13,0,0.66,0,0.46,0,0.24,0,0.07,1,0,0,0,0,0,0,0,0,0,1,0.68,1,0.33,1,0,0,0,1,0.06,0,0.95,1
93.401,0.88,0,0,0.2,0,1.61,0,0.52,0,0.56,0,0.34,1,0,0,0,1,0,0,0.04,0,0,0,0.66,1,0.28,1,0,0,0,0,0,0,1.26,1
93.735,0.88,0.06,1,0.33,0,0.44,0,0.81,0,0.4,0,0.2,1,0.04,0,0,1,0,0,0.42,0,0,1,0.64,1,0.32,1,0,0,0,0,0,0,0.91,1
94.068,0.88,0.31,1,0.26,0,0.52,0,0.43,0,0,0,0.13,1,0,0,0,1,0,0,0,0,0,0,0.2,0,0.08,1,0.03,0,0.46,0,0,0,1.15,0
94.402,0.98,0.72,1,0.03,0,0.07,0,0.68,0,0.16,0,0.34,1,0.64,1,0.3,1,0,0,0,0,0,0,0.81,1,0,1,0,0,0.36,0,0.15,0,0.79,0
94.735,0.98,0.43,1,0.27,0,0,1,0.48,0,0.09,0,0.45,1,0.06,1,0,1,0,0,0.02,0,0,0,0.1,0,0.04,1,0,1,0.61,0,0,0,1.12,0
95.069,0.88,1.42,1,0.05,0,0,1,0.53,1,0.43,0,0.91,1,0.13,0,0.22,0,0,1,0.15,1,0,0,0.01,0,0.16,1,0.03,1,0,0,0,0,1.72,1
95.403,0.98,0.92,1,0,0,0.24,1,0,0,0,0,0,0,0.28,0,0.7,0,0.26,1,0,0,0.46,0,1.52,1,0.33,0,0.46,0,1.33,0,1.39,0,0,0
95.736,0.98,1.04,1,0.36,0,0.15,1,0.33,0,0,0,0,0,0.5,0,0.17,0,0.3,1,0,0,2.68,1,2.76,1,0,0,0.69,0,0.83,0,0.43,0,0,0
96.07,0.88,1.64,1,0.08,0,0.19,0,0.48,0,0,0,0,0,1.02,0,0.08,0,0,1,0,0,2.13,1,2.97,1,0,0,0.16,0,0.17,0,1.44,0,0,0
96.403,0.98,1.36,1,0,0,0.22,0,0.6,0,0,0,0,0,1.04,0,0.01,0,0,0,0,0,1.9,1,2.92,1,0.82,1,0,0,0.25,0,1.01,0,0.74,1
96.737,0.98,1.36,1,0,0,0,0,0.11,0,0,0,0,0,1.1,0,0.14,0,0,0,0,0,2.76,1,3.14,1,0.6,0,0,0,0.52,0,1.61,0,0.65,1
97.07,0.98,1.24,1,0.01,0,0.04,0,0.7,0,0,0,0,0,1.64,1,0.9,0,0.42,1,0,0,0.9,1,2.45,1,0,0,0.52,0,0.44,0,0.99,0,0.25,0
97.404,0.98,1.02,0,0,0,0.06,0,0.35,0,0,0,0,0,1.76,1,1.3,0,0.23,0,0,0,0.82,1,2.05,1,0,0,0.62,0,0.73,0,0.86,0,0.33,0
97.738,0.98,0.9,0,0.06,0,0,0,0.17,0,0,0,0,0,1.69,1,1.24,0,0.03,0,0,0,0.61,1,2.47,1,0,0,0.63,0,0.79,0,0.87,0,0.27,0
98.071,0.98,1.03,0,0.01,0,0,0,0.34,0,0,0,0,0,1.79,1,1.36,0,0.09,0,0,0,1.26,1,1.95,1,0,0,0.44,0,0.63,0,0.53,0,0.09,0
98.405,0.98,0.96,1,0.2,0,0,0,0.87,0,0,0,0,0,1.31,1,0.78,0,0,0,0,0,2.08,1,3.36,1,0,0,0.56,0,0.4,0,1.15,0,0,0
98.738,0.03,0,0,0,0,0,0,0,0,0,0,0,0,0,0,0,0,0,0,0,0,0,0,0,0,0,0,0,0,0,0,0,0,0,0
99.072,0.03,0,0,0,0,0,0,0,0,0,0,0,0,0,0,0,0,0,0,0,0,0,0,0,0,0,0,0,0,0,0,0,0,0,0
99.405,0.03,0,0,0,0,0,0,0,0,0,0,0,0,0,0,0,0,0,0,0,0,0,0,0,0,0,0,0,0,0,0,0,0,0,0
99.739,0.03,0,0,0,0,0,0,0,0,0,0,0,0,0,0,0,0,0,0,0,0,0,0,0,0,0,0,0,0,0,0,0,0,0,0
100.073,0.03,0,0,0,0,0,0,0,0,0,0,0,0,0,0,0,0,0,0,0,0,0,0,0,0,0,0,0,0,0,0,0,0,0,0
100.406,0.43,0,0,0,0,0,0,0,0,0,0,0,0,0,0,0,0,0,0,0,0,0,0,0,0,0,0,0,0,0,0,0,0,0,0
100.74,0.98,0.21,0,0,0,0,0,0.37,0,0.29,0,0.67,0,0,0,0,0,0,1,0,0,0.14,0,0.35,0,0.59,0,0.01,0,0.62,1,1.34,1,0,1
101.073,0.88,0,0,0,0,0,0,0.28,0,0.19,0,0.43,0,0,0,0,0,0,0,0,1,0.01,0,0.15,0,0.39,0,0,0,0.1,1,0.9,0,0,1
101.407,0.88,0.06,0,0,0,0.63,0,0.15,0,0.23,0,0.73,0,0,0,0,0,0,0,0.45,1,0,0,0.13,0,0.3,1,0,0,0,1,0.2,0,0,1
101.74,0.88,0,0,0,0,0.12,0,0.18,0,0.33,0,0.77,1,0,0,0,0,0,0,0.03,0,0,0,0.01,0,0.21,0,0,0,0,0,0.18,0,0,0
102.074,0.88,0,0,0,0,0.93,1,0.21,0,0.24,0,0,0,0,0,0,0,0,0,0.14,0,0,0,0,0,0.23,0,0,0,0,1,0.11,0,0,0
102.408,0.88,0,0,0,0,1.11,1,0.05,0,0.26,0,0.06,0,0,1,0,1,0,0,0.13,0,0,0,0.03,0,0.39,1,0,0,0,0,0.11,0,0,0
102.741,0.88,0,0,0,0,1.01,1,0.09,0,0.28,0,0,0,0,0,0,1,0,0,0.03,0,0.03,0,0.06,0,0.25,1,0,0,0.06,0,0.08,0,0,0
103.075,0.98,0,0,0.66,0,0,0,0.23,0,0.38,0,0,0,0,0,0.88,0,0,1,0,0,0.06,0,0.53,1,0.9,0,0.5,0,0.83,0,1.2,0,0,0
103.408,0.88,0.1,0,0.45,0,0.87,1,0.38,0,0,0,0.04,0,0,0,0.33,0,0,0,1.04,1,0,1,0.61,1,0.49,1,0,0,0.03,1,0,0,0.19,1
103.742,0.98,0.1,1,0.41,0,0.55,1,0.87,0,0.07,0,0.24,1,0.48,1,0.05,1,0,1,0.21,0,0,0,0.37,1,0.08,1,0,1,0,0,0.01,0,1.04,1
104.075,0.98,0.41,1,0.21,0,0.03,1,1.3,0,0,0,0.43,1,0.17,1,0,0,0,0,0,0,0,1,0.87,1,0,1,0,0,0,0,0.39,0,0.51,1
104.409,0.98,0,0,0.15,0,1.52,1,0.85,0,0,0,0,1,0,0,0,0,0,1,0.45,1,0,1,0,0,0.55,1,0,0,0,0,0,0,0.85,1
104.743,0.98,1.01,1,0.47,0,0,1,0.32,0,0.41,1,0.04,1,0,0,0.13,0,0,1,0.44,1,0,0,0.07,1,0,0,1.12,0,0,0,0.81,0,0.35,1
105.076,0.32,0,0,0,0,0,0,0,0,0,0,0,0,0,0,0,0,0,0,0,0,0,0,0,0,0,0,0,0,0,0,0,0,0,0
105.41,0.03,0,0,0,0,0,0,0,0,0,0,0,0,0,0,0,0,0,0,0,0,0,0,0,0,0,0,0,0,0,0,0,0,0,0
105.743,0.03,0,0,0,0,0,0,0,0,0,0,0,0,0,0,0,0,0,0,0,0,0,0,0,0,0,0,0,0,0,0,0,0,0,0
106.077,0,0,0,0,0,0,0,0,0,0,0,0,0,0,0,0,0,0,0,0,0,0,0,0,0,0,0,0,0,0,0,0,0,0,0
106.41,0.03,0,0,0,0,0,0,0,0,0,0,0,0,0,0,0,0,0,0,0,0,0,0,0,0,0,0,0,0,0,0,0,0,0,0
106.744,0.03,0,0,0,0,0,0,0,0,0,0,0,0,0,0,0,0,0,0,0,0,0,0,0,0,0,0,0,0,0,0,0,0,0,0
107.078,0.03,0,0,0,0,0,0,0,0,0,0,0,0,0,0,0,0,0,0,0,0,0,0,0,0,0,0,0,0,0,0,0,0,0,0
107.411,0,0,0,0,0,0,0,0,0,0,0,0,0,0,0,0,0,0,0,0,0,0,0,0,0,0,0,0,0,0,0,0,0,0,0
107.745,0,0,0,0,0,0,0,0,0,0,0,0,0,0,0,0,0,0,0,0,0,0,0,0,0,0,0,0,0,0,0,0,0,0,0
108.078,0,0,0,0,0,0,0,0,0,0,0,0,0,0,0,0,0,0,0,0,0,0,0,0,0,0,0,0,0,0,0,0,0,0,0
108.412,0,0,0,0,0,0,0,0,0,0,0,0,0,0,0,0,0,0,0,0,0,0,0,0,0,0,0,0,0,0,0,0,0,0,0
108.746,0,0,0,0,0,0,0,0,0,0,0,0,0,0,0,0,0,0,0,0,0,0,0,0,0,0,0,0,0,0,0,0,0,0,0
109.079,0,0,0,0,0,0,0,0,0,0,0,0,0,0,0,0,0,0,0,0,0,0,0,0,0,0,0,0,0,0,0,0,0,0,0
109.413,0,0,0,0,0,0,0,0,0,0,0,0,0,0,0,0,0,0,0,0,0,0,0,0,0,0,0,0,0,0,0,0,0,0,0
109.746,0,0,0,0,0,0,0,0,0,0,0,0,0,0,0,0,0,0,0,0,0,0,0,0,0,0,0,0,0,0,0,0,0,0,0
110.08,0,0,0,0,0,0,0,0,0,0,0,0,0,0,0,0,0,0,0,0,0,0,0,0,0,0,0,0,0,0,0,0,0,0,0
110.413,0,0,0,0,0,0,0,0,0,0,0,0,0,0,0,0,0,0,0,0,0,0,0,0,0,0,0,0,0,0,0,0,0,0,0
110.747,0,0,0,0,0,0,0,0,0,0,0,0,0,0,0,0,0,0,0,0,0,0,0,0,0,0,0,0,0,0,0,0,0,0,0
111.081,0,0,0,0,0,0,0,0,0,0,0,0,0,0,0,0,0,0,0,0,0,0,0,0,0,0,0,0,0,0,0,0,0,0,0
111.414,0,0,0,0,0,0,0,0,0,0,0,0,0,0,0,0,0,0,0,0,0,0,0,0,0,0,0,0,0,0,0,0,0,0,0
111.748,0,0,0,0,0,0,0,0,0,0,0,0,0,0,0,0,0,0,0,0,0,0,0,0,0,0,0,0,0,0,0,0,0,0,0
112.081,0,0,0,0,0,0,0,0,0,0,0,0,0,0,0,0,0,0,0,0,0,0,0,0,0,0,0,0,0,0,0,0,0,0,0
112.415,0,0,0,0,0,0,0,0,0,0,0,0,0,0,0,0,0,0,0,0,0,0,0,0,0,0,0,0,0,0,0,0,0,0,0
112.748,0,0,0,0,0,0,0,0,0,0,0,0,0,0,0,0,0,0,0,0,0,0,0,0,0,0,0,0,0,0,0,0,0,0,0
113.082,0,0,0,0,0,0,0,0,0,0,0,0,0,0,0,0,0,0,0,0,0,0,0,0,0,0,0,0,0,0,0,0,0,0,0
113.416,0,0,0,0,0,0,0,0,0,0,0,0,0,0,0,0,0,0,0,0,0,0,0,0,0,0,0,0,0,0,0,0,0,0,0
113.749,0,0,0,0,0,0,0,0,0,0,0,0,0,0,0,0,0,0,0,0,0,0,0,0,0,0,0,0,0,0,0,0,0,0,0
114.083,0,0,0,0,0,0,0,0,0,0,0,0,0,0,0,0,0,0,0,0,0,0,0,0,0,0,0,0,0,0,0,0,0,0,0
114.416,0,0,0,0,0,0,0,0,0,0,0,0,0,0,0,0,0,0,0,0,0,0,0,0,0,0,0,0,0,0,0,0,0,0,0
114.75,0,0,0,0,0,0,0,0,0,0,0,0,0,0,0,0,0,0,0,0,0,0,0,0,0,0,0,0,0,0,0,0,0,0,0
115.083,0,0,0,0,0,0,0,0,0,0,0,0,0,0,0,0,0,0,0,0,0,0,0,0,0,0,0,0,0,0,0,0,0,0,0
115.417,0,0,0,0,0,0,0,0,0,0,0,0,0,0,0,0,0,0,0,0,0,0,0,0,0,0,0,0,0,0,0,0,0,0,0
115.751,0,0,0,0,0,0,0,0,0,0,0,0,0,0,0,0,0,0,0,0,0,0,0,0,0,0,0,0,0,0,0,0,0,0,0
116.084,0,0,0,0,0,0,0,0,0,0,0,0,0,0,0,0,0,0,0,0,0,0,0,0,0,0,0,0,0,0,0,0,0,0,0
116.418,0,0,0,0,0,0,0,0,0,0,0,0,0,0,0,0,0,0,0,0,0,0,0,0,0,0,0,0,0,0,0,0,0,0,0
116.751,0,0,0,0,0,0,0,0,0,0,0,0,0,0,0,0,0,0,0,0,0,0,0,0,0,0,0,0,0,0,0,0,0,0,0
117.085,0,0,0,0,0,0,0,0,0,0,0,0,0,0,0,0,0,0,0,0,0,0,0,0,0,0,0,0,0,0,0,0,0,0,0
117.418,0,0,0,0,0,0,0,0,0,0,0,0,0,0,0,0,0,0,0,0,0,0,0,0,0,0,0,0,0,0,0,0,0,0,0
117.752,0,0,0,0,0,0,0,0,0,0,0,0,0,0,0,0,0,0,0,0,0,0,0,0,0,0,0,0,0,0,0,0,0,0,0
118.086,0.03,0,0,0,0,0,0,0,0,0,0,0,0,0,0,0,0,0,0,0,0,0,0,0,0,0,0,0,0,0,0,0,0,0,0
118.419,0.03,0,0,0,0,0,0,0,0,0,0,0,0,0,0,0,0,0,0,0,0,0,0,0,0,0,0,0,0,0,0,0,0,0,0
118.753,0.03,0,0,0,0,0,0,0,0,0,0,0,0,0,0,0,0,0,0,0,0,0,0,0,0,0,0,0,0,0,0,0,0,0,0
119.086,0.03,0,0,0,0,0,0,0,0,0,0,0,0,0,0,0,0,0,0,0,0,0,0,0,0,0,0,0,0,0,0,0,0,0,0
119.42,0.03,0,0,0,0,0,0,0,0,0,0,0,0,0,0,0,0,0,0,0,0,0,0,0,0,0,0,0,0,0,0,0,0,0,0
119.753,0.03,0,0,0,0,0,0,0,0,0,0,0,0,0,0,0,0,0,0,0,0,0,0,0,0,0,0,0,0,0,0,0,0,0,0
120.087,0.03,0,0,0,0,0,0,0,0,0,0,0,0,0,0,0,0,0,0,0,0,0,0,0,0,0,0,0,0,0,0,0,0,0,0
120.421,0.98,0.29,0,0,0,0,0,0.14,0,0,0,0,0,0,1,0.06,1,0.17,0,0,0,0.5,1,0.38,1,0,0,0,0,0.32,1,1.63,1,0.23,1
120.754,0.98,0.32,0,0,0,0.32,1,0.78,0,0,0,0,0,0.36,1,0.09,1,0,0,0,0,0.16,1,0.1,1,0,0,0,0,0.03,1,1.19,1,0.51,1
121.088,0.98,0.52,0,0.16,0,0.88,1,0.77,0,0,0,0,0,0.24,1,0,1,0.16,0,0,0,0,1,0.06,1,0,1,0,0,0,1,0.85,1,0.58,1
121.421,0.98,0.25,0,0.01,0,0.97,1,0.54,0,0,0,0,0,0.22,1,0,1,0.18,0,0,0,0.1,1,0.21,1,0,1,0,0,0,1,1.03,1,0.51,1
121.755,0.98,0.04,1,0,0,0,0,0.6,0,0,0,0,0,0,0,0,0,0,0,0,0,0,0,0.59,1,0,0,0.25,0,0.14,0,0.42,0,0.01,0
122.089,0.98,1.1,1,0,0,0,0,0.91,0,0,0,0,0,0.88,0,0,0,0,0,0,0,1.25,1,2.74,1,0.03,0,0.15,0,0.7,0,1.08,0,0,0
122.422,0.98,0.82,1,0,0,0.07,0,1.92,0,0,0,0,0,1.77,0,0.17,0,0.17,0,0,0,1.96,1,2.97,1,0,0,0.7,0,0.11,0,1.39,0,0,0
122.756,0.98,1.15,1,0,0,0.1,0,1.26,0,0,0,0,0,1.6,1,0.03,0,0.66,0,0,0,2.31,1,2.89,1,0,0,0.83,0,0,0,0.87,0,0,0
123.089,0.88,0.75,0,0,0,0,0,0.07,0,0,0,0.06,0,0.37,1,0.38,0,0.23,0,0,0,0.13,0,0.44,0,0.14,0,0,0,0.33,1,0.79,0,0,0
123.423,0.98,0.4,0,0,0,0,1,0.33,0,0,0,0,0,0,0,0,1,0.28,1,0,0,0.1,1,0.54,1,0,0,0,0,0,1,1.99,1,0,1
123.756,0.98,0.03,0,0,0,0.42,1,0.45,0,0,0,0,0,0,0,0,1,0.12,1,0,0,0.01,1,0.31,1,0.03,1,0,0,0,1,1.4,1,0.18,0
124.09,0.98,0,0,0,0,0.18,1,0.4,0,0,0,0,0,0,0,0,1,0.05,1,0,0,0,1,0.09,0,0.07,1,0,0,0,1,1.35,1,0.38,0
124.424,0.98,0,0,0,0,0.61,1,0.35,0,0,0,0,0,0,0,0,1,0.33,1,0,0,0,1,0.11,1,0,1,0,0,0,1,1.47,1,0.73,0
124.757,0.98,0,0,0,0,1.52,1,0.5,0,0,0,0,0,0,0,0,0,0,1,0,0,0,1,0.06,0,0.15,1,0,0,0,1,0.93,1,0.68,1
125.091,0.98,0,0,0.21,0,1.94,1,0.66,0,0,0,0,0,0,0,0,1,0,1,0.04,0,0,1,0.08,0,0.14,1,0,0,0,1,0.75,0,0.96,1
125.424,0.98,0.02,0,0.19,0,1.76,1,0.54,0,0,0,0,0,0,0,0,1,0,1,0,0,0,1,0,0,0.17,1,0,0,0,1,0.59,0,0.97,0
125.758,0.98,0.07,0,0.25,0,1.96,1,0.74,0,0,0,0,0,0,0,0,1,0,1,0.13,0,0,1,0,0,0.16,1,0,0,0,1,0.6,0,0.92,0
126.091,0.98,0.04,0,0.25,0,1.9,1,0.55,0,0,0,0,0,0,0,0,1,0,1,0.14,0,0,1,0,0,0.13,1,0,0,0,1,0.7,0,0.92,0
126.425,0.98,0.04,0,0.2,0,1.9,1,0.72,0,0,0,0,0,0,0,0,1,0,1,0.19,0,0,1,0.04,0,0.06,1,0,0,0,1,0.66,0,0.75,0
126.759,0.98,0.04,0,0.25,0,2.04,1,0.58,0,0,0,0,0,0,0,0,1,0,1,0.23,0,0,1,0.09,0,0.12,1,0,0,0,1,0.67,0,0.79,0
127.092,0.98,0.06,0,0.18,0,2.1,1,0.44,0,0,0,0,0,0,0,0,0,0,1,0.3,0,0,1,0,0,0.12,1,0,0,0.01,1,0.57,0,1.08,0
127.426,0.98,0,0,0.07,0,1.71,1,0.86,1,0,0,0,0,0,0,0,0,0.02,1,0,0,0,1,0.08,0,0.17,1,0.03,0,0.16,1,1.7,1,0.02,0
127.759,0.93,0.24,0,0.52,1,0.54,1,0.45,1,0,0,0,1,0,0,0,1,0.48,1,0,0,0.01,1,0.66,1,0,1,0.04,0,0.54,1,2.48,1,0,0
128.093,0.93,0.38,0,0.94,1,0.76,1,0.53,1,0.31,0,0.4,1,0,0,0,0,0.03,0,0,0,0,1,0.8,1,0.1,1,0.16,0,0.88,1,1.49,1,0,0
128.426,0.98,0.26,0,0.84,1,0.19,1,1.19,1,0.38,0,0.42,1,0,0,0,0,0,0,0.29,1,0,1,0.41,1,0.7,1,0,0,0.87,1,1.11,1,0.5,1
128.76,0.98,0,0,0.68,0,1.64,1,1.17,1,0.33,0,0,1,0,0,0,0,0,0,0.17,1,0,1,0.09,1,1.05,1,0,0,0.61,1,1.07,1,0.79,1
129.094,0.93,0,0,0.76,0,1.44,1,1.21,1,0.49,0,0.02,1,0,0,0,0,0,0,0.21,1,0,0,0.1,1,0.85,1,0,0,0.35,1,0.9,1,0.77,1
129.427,0.88,0,0,0.26,0,0.07,1,0.59,1,0.37,0,0.38,1,0,0,0,0,0,0,0.08,1,0,0,0,1,0.15,1,0.07,0,0.77,1,1.34,1,0.11,1
129.761,0.03,0,0,0,0,0,0,0,0,0,0,0,0,0,0,0,0,0,0,0,0,0,0,0,0,0,0,0,0,0,0,0,0,0,0
130.094,0.98,0.33,1,0.26,0,0.1,0,0.83,0,0,0,0,0,1.07,0,0.19,0,0,0,0,0,0.49,1,1.98,1,0,0,0.44,0,0.73,0,0.43,0,0,0
130.428,0.88,1.33,0,0.26,0,0,0,0.07,0,0.12,0,0,0,0.33,1,0.25,0,0,0,0,0,1.91,0,3.08,1,1.15,0,1.32,0,0.2,0,0.36,0,0.11,0
130.761,0.77,0.86,0,0.06,0,0,0,0.34,0,0.11,0,0,0,1.55,1,1.22,1,0,0,0,0,0.63,1,4.67,1,0,0,2,1,0,0,0.55,0,0,0
131.095,0.98,0.15,0,0.22,0,1.11,1,1.89,1,0.84,0,0.3,0,0.6,1,1.02,1,0.36,0,0,0,0,0,1.67,1,0,0,0.07,0,1.71,1,0.71,0,0,0
131.429,0.98,0.02,0,0.21,0,0,1,0.6,1,0.44,0,0,0,0,1,0.26,1,0.13,0,0,0,0.08,0,0.13,0,0,0,0,0,1.57,0,0,0,0,0
131.762,0.98,0,0,0.08,1,0.27,0,0,0,0.46,0,0,0,0.07,1,0,1,0,0,0.13,0,0,0,0,0,0,0,0,0,1.41,1,0,0,0,1
132.096,0.88,0,0,0.26,0,0.99,0,0.15,1,0.64,0,0,1,0.39,1,0,0,0,0,0.01,0,0,0,0.31,1,0,1,0,0,1.14,1,0,0,0.24,1
132.429,0.98,0,0,0.29,0,1.49,1,0.6,1,0.38,0,0,0,0,0,0,0,0,0,0.29,1,0,0,0.32,1,0,1,0,0,1.04,1,0.04,0,0.04,1
132.763,0.98,0,0,0,0,0.2,1,0.37,1,0.13,0,0,0,0,0,0,0,0,0,0,1,0,0,0,0,0,0,0,0,2.27,1,0.31,1,0,0
133.096,0.98,0,0,0,0,0.3,1,0.14,0,0.17,0,0,0,0,0,0,0,0,0,0,0,0,0,0.26,0,0,0,0,0,2.01,1,0.8,1,0,0
133.43,0.98,0.02,0,0.16,0,0.19,1,0.44,1,0.43,0,0,0,0,1,0,0,0.01,0,0.03,0,0,0,0,0,0,0,0,0,2.19,1,0,0,0,0
133.764,0.98,0,0,0,0,0.03,0,0.81,1,0.54,0,0.05,0,0,0,0,0,0,0,0,1,0,0,1.08,1,0.11,0,0,0,2.2,1,0.73,0,0.06,1
134.097,0.98,0,0,0,0,0.16,0,1.02,1,0.52,0,0,0,0,0,0,0,0,0,0.37,1,0,0,0.91,1,0.59,1,0,0,1.94,1,0.04,0,0,1
134.431,0.98,0,0,0.04,0,1.28,0,0.65,1,0.6,0,0,0,0,0,0,0,0,0,0.27,1,0,0,0.79,1,0.38,1,0,0,1.59,1,0.18,0,0,1
134.764,0.88,0,0,0,0,0.5,1,0.12,0,0.55,0,0,0,0,0,0,0,0,0,0.43,1,0,0,0.61,1,0.02,0,0.18,0,1.29,1,0,0,0,0
135.098,0.98,0.19,1,0,0,0,0,0.16,0,0.18,0,0,0,0,1,0,0,0,1,0.18,0,0.36,0,1.36,1,0,0,0.4,0,1.53,1,0.84,0,0,0
135.432,0.98,0,0,0,0,0,0,0,1,0.34,0,0,0,0,1,0,0,0.12,1,0,0,0.68,0,1.79,1,0,0,0.47,0,1.85,1,1.44,0,0,0
135.765,0.98,1.25,1,0.01,0,0.04,0,1.31,1,0.62,0,0,0,0,1,0,0,0,1,0,0,1.77,1,2.85,1,1,0,0.59,0,2.42,1,0.93,0,0,0
136.099,0.03,0,0,0,0,0,0,0,0,0,0,0,0,0,0,0,0,0,0,0,0,0,0,0,0,0,0,0,0,0,0,0,0,0,0
136.432,0.98,1.22,1,0,0,0.03,1,0,0,0.16,0,0,0,0.08,0,0,0,0.81,0,0.55,1,2.11,1,2.65,1,0.05,0,0.55,0,0.17,0,0.83,0,0,0
136.766,0.57,0,0,0,0,0,0,0,0,0,0,0,0,0,0,0,0,0,0,0,0,0,0,0,0,0,0,0,0,0,0,0,0,0,0
137.099,0.52,0,0,0,0,0,0,0,0,0,0,0,0,0,0,0,0,0,0,0,0,0,0,0,0,0,0,0,0,0,0,0,0,0,0
137.433,0.03,0,0,0,0,0,0,0,0,0,0,0,0,0,0,0,0,0,0,0,0,0,0,0,0,0,0,0,0,0,0,0,0,0,0
137.767,0.03,0,0,0,0,0,0,0,0,0,0,0,0,0,0,0,0,0,0,0,0,0,0,0,0,0,0,0,0,0,0,0,0,0,0
138.1,0.47,0,0,0,0,0,0,0,0,0,0,0,0,0,0,0,0,0,0,0,0,0,0,0,0,0,0,0,0,0,0,0,0,0,0
138.434,0.68,0,0,0,0,0,0,0,0,0,0,0,0,0,0,0,0,0,0,0,0,0,0,0,0,0,0,0,0,0,0,0,0,0,0
138.767,0.03,0,0,0,0,0,0,0,0,0,0,0,0,0,0,0,0,0,0,0,0,0,0,0,0,0,0,0,0,0,0,0,0,0,0
139.101,0.38,0,0,0,0,0,0,0,0,0,0,0,0,0,0,0,0,0,0,0,0,0,0,0,0,0,0,0,0,0,0,0,0,0,0
139.434,0.03,0,0,0,0,0,0,0,0,0,0,0,0,0,0,0,0,0,0,0,0,0,0,0,0,0,0,0,0,0,0,0,0,0,0
139.768,0.43,0,0,0,0,0,0,0,0,0,0,0,0,0,0,0,0,0,0,0,0,0,0,0,0,0,0,0,0,0,0,0,0,0,0
140.102,0.03,0,0,0,0,0,0,0,0,0,0,0,0,0,0,0,0,0,0,0,0,0,0,0,0,0,0,0,0,0,0,0,0,0,0
140.435,0.03,0,0,0,0,0,0,0,0,0,0,0,0,0,0,0,0,0,0,0,0,0,0,0,0,0,0,0,0,0,0,0,0,0,0
140.769,0.03,0,0,0,0,0,0,0,0,0,0,0,0,0,0,0,0,0,0,0,0,0,0,0,0,0,0,0,0,0,0,0,0,0,0
141.102,0.73,0,0,0,0,0,0,0,0,0,0,0,0,0,0,0,0,0,0,0,0,0,0,0,0,0,0,0,0,0,0,0,0,0,0
141.436,0.38,0,0,0,0,0,0,0,0,0,0,0,0,0,0,0,0,0,0,0,0,0,0,0,0,0,0,0,0,0,0,0,0,0,0
141.769,0.88,1.61,1,0,0,0,0,0.25,0,0.03,0,0,0,1.26,1,1.03,0,0,1,0,0,0,1,2.53,1,0,0,1.49,0,1.87,0,0.97,0,0,0
142.103,0.03,0,0,0,0,0,0,0,0,0,0,0,0,0,0,0,0,0,0,0,0,0,0,0,0,0,0,0,0,0,0,0,0,0,0
142.437,0.98,0.14,1,0,0,0.71,0,1.39,0,0.11,0,0,0,0.03,0,0,0,0.85,0,0,0,0.26,1,2.04,1,0.34,0,0.06,0,1.02,0,0.39,0,0.01,0
142.77,0.03,0,0,0,0,0,0,0,0,0,0,0,0,0,0,0,0,0,0,0,0,0,0,0,0,0,0,0,0,0,0,0,0,0,0
143.104,0.77,0.03,0,0,0,0,0,0.89,1,0.37,0,0.25,0,0,0,0,1,0,0,0.11,0,0.46,0,0,0,0.11,1,0,0,0.64,1,0.16,1,0,1
143.437,0.88,0,0,0.56,0,0.14,1,1.31,1,0.72,0,0.06,0,0,0,0,0,0,0,0.97,1,0,1,0.34,1,0.59,1,0,0,0.54,1,0.35,0,0,1
143.771,0.88,0,0,0.45,0,0.36,1,1.08,1,0.61,0,0.06,0,0,0,0.11,0,0,0,0.89,1,0,1,0.54,1,0.59,1,0.04,0,0.32,1,0.06,0,0,0
144.104,0.88,0,0,0,0,0.77,1,0.99,1,0.45,0,0.32,0,0,0,0.11,1,0,0,0.8,1,0.04,1,0.06,1,0.12,1,0,0,0,1,0,0,0.13,1
144.438,0.82,0,0,0,0,1.55,1,0.61,0,0.45,0,0.74,1,0,0,0.03,1,0,0,0.7,0,0,0,0.04,1,0.01,0,0,0,0.18,1,0,0,0,0
144.772,0.88,0,0,0.07,0,0.81,1,1.08,1,0.6,0,0.26,0,0,0,0,0,0,0,0.59,1,0.13,1,0.05,1,0.17,1,0,0,0.52,1,0,0,0,1
145.105,0.88,0,0,0,0,1.92,1,1.14,1,0.58,0,0,0,0,0,0,1,0,0,0.59,1,0.18,1,0,0,0.04,1,0,0,0.31,1,0,0,0,1
145.439,0.88,0,0,0,0,0.5,1,0.44,0,0.27,0,0.51,0,0.07,0,0,1,0,0,0.29,0,0,0,0.04,0,0,0,0,0,0.09,1,0,0,0,0
145.772,0.88,0,0,0,0,0.15,1,0.26,0,0.3,0,0.58,0,0,1,0,1,0,0,0.21,0,0,0,0,0,0,0,0,0,0.44,1,0,0,0,0
146.106,0.88,0,0,0,0,0.52,1,0.62,0,0.35,0,0.82,1,0,0,0,1,0,0,0.47,0,0,0,0,0,0,0,0.02,0,0.06,1,0,0,0,0
146.44,0.82,0,0,0,0,1.02,1,0.6,0,0.41,0,0.9,1,0,0,0,0,0,0,0.54,0,0,0,0,0,0,0,0,0,0.24,1,0,0,0,0
146.773,0.82,0,0,0,0,0.83,1,0.4,0,0.36,0,0.98,1,0,0,0,1,0,0,0.39,0,0,0,0,0,0,0,0.03,0,0.01,1,0,0,0,0
147.107,0.77,0,0,0,0,0.08,0,0.53,0,0.35,0,0.68,1,0,0,0,1,0,0,0.04,0,0,0,0,0,0,0,0,0,0.02,1,0.01,0,0,0
147.44,0.88,0.07,0,0,0,0.64,1,0.5,0,0.72,0,1.13,1,0.08,1,0,1,0,0,0.05,0,0,0,0,0,0,0,0,0,0.22,1,0,0,0,1
147.774,0.88,0.65,0,0.2,0,0.94,1,0.68,1,0.89,1,1.15,1,0,0,0,0,0,0,0.6,1,0,0,0,0,0,0,0,0,0.3,1,0,0,0,1
148.107,0.03,0,0,0,0,0,0,0,0,0,0,0,0,0,0,0,0,0,0,0,0,0,0,0,0,0,0,0,0,0,0,0,0,0,0
148.441,0.82,0.77,1,0,0,0,0,0.17,1,0.39,0,0,0,0,0,0,0,0,1,0,0,0,0,0.27,1,0.07,0,0.29,0,2.52,1,0.24,0,0,0
148.775,0.88,0.17,1,0,0,0,0,0,0,0.2,0,0,0,0.88,0,0.2,0,0.65,1,0.61,0,0.51,1,3.47,1,0.89,1,1.24,1,0.23,0,0,0,1.66,0
149.108,0.03,0,0,0,0,0,0,0,0,0,0,0,0,0,0,0,0,0,0,0,0,0,0,0,0,0,0,0,0,0,0,0,0,0,0
149.442,0.03,0,0,0,0,0,0,0,0,0,0,0,0,0,0,0,0,0,0,0,0,0,0,0,0,0,0,0,0,0,0,0,0,0,0
149.775,0.03,0,0,0,0,0,0,0,0,0,0,0,0,0,0,0,0,0,0,0,0,0,0,0,0,0,0,0,0,0,0,0,0,0,0
150.109,0.03,0,0,0,0,0,0,0,0,0,0,0,0,0,0,0,0,0,0,0,0,0,0,0,0,0,0,0,0,0,0,0,0,0,0
150.442,0.03,0,0,0,0,0,0,0,0,0,0,0,0,0,0,0,0,0,0,0,0,0,0,0,0,0,0,0,0,0,0,0,0,0,0
150.776,0.03,0,0,0,0,0,0,0,0,0,0,0,0,0,0,0,0,0,0,0,0,0,0,0,0,0,0,0,0,0,0,0,0,0,0
151.11,0.03,0,0,0,0,0,0,0,0,0,0,0,0,0,0,0,0,0,0,0,0,0,0,0,0,0,0,0,0,0,0,0,0,0,0
151.443,0.03,0,0,0,0,0,0,0,0,0,0,0,0,0,0,0,0,0,0,0,0,0,0,0,0,0,0,0,0,0,0,0,0,0,0
151.777,0.03,0,0,0,0,0,0,0,0,0,0,0,0,0,0,0,0,0,0,0,0,0,0,0,0,0,0,0,0,0,0,0,0,0,0
152.11,0.03,0,0,0,0,0,0,0,0,0,0,0,0,0,0,0,0,0,0,0,0,0,0,0,0,0,0,0,0,0,0,0,0,0,0
152.444,0.03,0,0,0,0,0,0,0,0,0,0,0,0,0,0,0,0,0,0,0,0,0,0,0,0,0,0,0,0,0,0,0,0,0,0
152.777,0.88,0.43,1,0.15,0,0,0,0.82,1,0.01,0,0,0,0,0,0,0,0,0,0,0,0.24,1,0.45,1,1.35,1,0,0,0.9,1,1.21,1,0.42,1
153.111,0.98,0,0,0.05,0,0,1,0.89,1,0,0,0,0,0,0,0,0,0.08,0,0,0,0.01,1,0.3,1,0.73,1,0.11,0,0.22,1,1.52,1,0.3,0
153.445,0.98,0,0,0,0,0,1,0.79,1,0,0,0,0,0,0,0,0,0.02,1,0,0,0,1,0.03,0,0.57,1,0.3,0,0,1,1.39,1,0.22,0
153.778,0.88,0,0,0,0,0,0,0.81,1,0.05,0,0,0,0,0,0,0,0,0,0,0,0.19,1,0.31,1,1.16,1,0.21,0,0.16,1,0.64,1,0.13,1
154.112,0.88,0,0,0.03,0,0,0,0.9,1,0.04,0,0,0,0,0,0,0,0,0,0,0,0.31,1,0.46,1,1.2,1,0.28,0,0.72,1,0.97,1,0.03,1
154.445,0.88,0,0,0.14,0,0,1,0.82,1,0.07,0,0,0,0,0,0,0,0,0,0,0,0.13,1,0.31,1,1.41,1,0.18,0,0.71,1,0.84,1,0.1,1
154.779,0.82,1.13,1,0,0,0,1,0.5,0,0,0,0,0,0,0,0,0,0,1,0,1,0.36,1,0.16,0,0,0,0,0,1.29,1,0.59,0,0.01,1
155.112,0.98,0.34,1,0,0,0,0,0,0,0,0,0,0,0.02,0,0.02,0,0.52,1,2.1,0,2.55,1,5,1,1.44,1,0.87,0,0,0,1.31,0,0,0
155.446,0.98,0.9,1,0.04,0,0,0,0,0,0,0,0,0,1.02,0,0.09,0,0,0,1.09,0,4.93,1,5,1,1.45,1,0.49,0,0.16,0,1.1,0,0,0
155.78,0.98,1.71,1,0,0,0.68,0,1.13,0,0,0,0,0,1.45,0,0.09,0,0.11,0,0.03,0,1.89,1,3.86,1,0.07,0,0.42,0,0.43,0,1.68,0,0.07,0
156.113,0.98,1.73,1,0.03,0,0.13,1,1.58,0,0,0,0,0,1.91,1,0.33,0,0.16,0,0,0,2.61,1,3.46,1,0.2,0,0.08,0,1.43,0,0.92,0,0,0
156.447,0.98,1.14,1,0.19,0,0.69,0,0.45,0,0,0,0,0,2.28,1,1.09,0,0.08,0,0,0,2.88,1,3.22,1,0.05,0,0,0,0.83,0,0.84,0,0,0
156.78,0.98,0.98,1,0.24,0,0.79,0,0.95,0,0,0,0,0,2.06,1,1.09,0,0.05,0,0,0,2.33,1,3.37,1,0.11,0,0,0,0.63,0,1.5,0,0.01,0
157.114,0.98,1.13,1,0.23,0,0.9,0,1.32,0,0,0,0,0,1.49,0,0,0,0,0,0,0,0.36,1,3.05,1,0.2,0,0.11,0,0.46,0,1.84,0,0,0
157.447,0.98,1.3,1,0.5,0,0.74,0,1.38,0,0,0,0,0,1.59,0,0,0,0.22,0,0,0,0.57,1,3.26,1,0.49,0,0.19,0,0.4,0,1.94,0,0,0
157.781,0.98,1.51,1,0.32,0,0.96,0,0.94,0,0,0,0,0,1.32,0,0,0,0.02,0,0,0,0.96,1,3.69,1,0.28,0,0.3,0,0.34,0,1.95,0,0,0
158.115,0.98,1.59,1,0.28,0,1.04,0,0.61,0,0,0,0,0,1.74,0,0,0,0,0,0,0,2.2,1,3.14,1,0.51,0,0.37,0,0.44,0,1.38,0,0,0
158.448,0.03,0,0,0,0,0,0,0,0,0,0,0,0,0,0,0,0,0,0,0,0,0,0,0,0,0,0,0,0,0,0,0,0,0,0
158.782,0.03,0,0,0,0,0,0,0,0,0,0,0,0,0,0,0,0,0,0,0,0,0,0,0,0,0,0,0,0,0,0,0,0,0,0
159.115,0.03,0,0,0,0,0,0,0,0,0,0,0,0,0,0,0,0,0,0,0,0,0,0,0,0,0,0,0,0,0,0,0,0,0,0
159.449,0.03,0,0,0,0,0,0,0,0,0,0,0,0,0,0,0,0,0,0,0,0,0,0,0,0,0,0,0,0,0,0,0,0,0,0
159.783,0.03,0,0,0,0,0,0,0,0,0,0,0,0,0,0,0,0,0,0,0,0,0,0,0,0,0,0,0,0,0,0,0,0,0,0
160.116,0.03,0,0,0,0,0,0,0,0,0,0,0,0,0,0,0,0,0,0,0,0,0,0,0,0,0,0,0,0,0,0,0,0,0,0
160.45,0.52,0,0,0,0,0,0,0,0,0,0,0,0,0,0,0,0,0,0,0,0,0,0,0,0,0,0,0,0,0,0,0,0,0,0
160.783,0.03,0,0,0,0,0,0,0,0,0,0,0,0,0,0,0,0,0,0,0,0,0,0,0,0,0,0,0,0,0,0,0,0,0,0
161.117,0.03,0,0,0,0,0,0,0,0,0,0,0,0,0,0,0,0,0,0,0,0,0,0,0,0,0,0,0,0,0,0,0,0,0,0
161.45,0.03,0,0,0,0,0,0,0,0,0,0,0,0,0,0,0,0,0,0,0,0,0,0,0,0,0,0,0,0,0,0,0,0,0,0
161.784,0.03,0,0,0,0,0,0,0,0,0,0,0,0,0,0,0,0,0,0,0,0,0,0,0,0,0,0,0,0,0,0,0,0,0,0
162.118,0.03,0,0,0,0,0,0,0,0,0,0,0,0,0,0,0,0,0,0,0,0,0,0,0,0,0,0,0,0,0,0,0,0,0,0
162.451,0.03,0,0,0,0,0,0,0,0,0,0,0,0,0,0,0,0,0,0,0,0,0,0,0,0,0,0,0,0,0,0,0,0,0,0
162.785,0.03,0,0,0,0,0,0,0,0,0,0,0,0,0,0,0,0,0,0,0,0,0,0,0,0,0,0,0,0,0,0,0,0,0,0
163.118,0.38,0,0,0,0,0,0,0,0,0,0,0,0,0,0,0,0,0,0,0,0,0,0,0,0,0,0,0,0,0,0,0,0,0,0
163.452,0.03,0,0,0,0,0,0,0,0,0,0,0,0,0,0,0,0,0,0,0,0,0,0,0,0,0,0,0,0,0,0,0,0,0,0
163.785,0.03,0,0,0,0,0,0,0,0,0,0,0,0,0,0,0,0,0,0,0,0,0,0,0,0,0,0,0,0,0,0,0,0,0,0
164.119,0.03,0,0,0,0,0,0,0,0,0,0,0,0,0,0,0,0,0,0,0,0,0,0,0,0,0,0,0,0,0,0,0,0,0,0
164.453,0.98,0.82,1,0,0,0,0,1.52,1,0,0,0,0,1.48,0,0,0,0,0,0.03,0,0,1,3.79,1,0.46,0,1.42,1,0.87,0,1.44,0,0.2,0
164.786,0.93,0.45,0,0,0,0,0,1.28,0,0,0,0,0,1.35,0,0.59,0,0,1,0.02,0,0,1,3.07,1,0,0,0.15,0,1.02,0,0.96,0,0.6,0
165.12,0.88,0.45,0,0,0,0,0,1.39,0,0,0,0,0,1.09,0,0.03,0,0,1,0,0,0,1,3.54,1,0.47,0,0.51,0,1.8,0,1.94,0,0.43,0
165.453,0.88,0.8,0,0,0,0,0,0,0,0,0,0,0,0.32,0,0,0,0,1,0.61,0,1.06,1,2.64,1,0.66,0,0,0,2.27,0,1.66,0,0.98,1
165.787,0.88,0.22,0,0,0,0,0,0,0,0,0,0,0,0.14,0,0,0,0,0,0.19,0,0.07,1,2.02,1,0,0,0,0,1.66,0,1.57,0,0.43,1
166.12,0.88,0,1,0,0,0,0,0.45,0,0,0,0,0,0,0,0,0,0,1,0.02,0,0,1,2.93,1,0.03,0,0.77,0,1.25,0,0.55,0,0.97,0
166.454,0.98,0,1,0,0,0.89,0,0.41,1,0.11,0,0.42,0,0,0,0,0,0,0,0.61,1,0.11,0,1.28,1,0.09,1,0,0,0.68,1,0,0,1.15,1
166.788,0.98,0,1,0.03,0,1.29,0,0.04,0,0.07,0,0.53,1,0,0,0,0,0,0,0.98,1,0.03,0,0.56,1,0.33,1,0,0,0.01,0,0,0,0.75,1
167.121,0.98,0.06,0,0.09,0,2.09,1,0,0,0.12,0,0,1,0,0,0,0,0,0,0.76,1,0,0,0.3,1,0,1,0,0,0,0,0,0,0.14,1
167.455,0.98,0,0,0.08,0,1.6,1,0,0,0.11,0,0.15,1,0,1,0,0,0,0,0.5,0,0.01,0,0.52,1,0,1,0,0,0,0,0,0,0.37,1
167.788,0.98,0,1,0,0,0,1,0.81,1,0,0,0.54,0,0,0,0,0,0,0,0.56,1,0.01,0,1.08,1,0.03,0,0,0,0.01,0,0,0,1,1
168.122,0.98,0.65,0,0,0,0,0,1.46,0,0,0,0,0,0.18,0,0,0,0.08,1,0.04,0,0,1,3.26,1,0.13,0,0.53,0,0.89,0,1.28,0,0,0
168.455,0.77,0.68,0,0.51,0,0,1,0,0,0.65,0,0,0,0.07,1,0,0,0,0,0,0,1.56,1,3.33,1,2.11,0,0.04,1,1.69,0,0,0,0.05,0
168.789,0.88,0.59,1,0,0,0.04,1,0,0,0.09,1,1.23,0,0,0,0,0,0,0,0.18,0,1.58,1,5,1,4.5,0,0.87,1,3.99,0,0.02,0,0.71,1
169.123,0.88,0.08,0,0,0,0,0,0,0,0.09,1,0.48,0,0,0,0,0,0,0,0.06,0,1.92,1,5,1,4.14,0,0.1,1,4.67,0,0.07,0,0.93,1
169.456,0.88,0.79,0,0,0,0,0,0.98,0,0,0,0,0,0.57,0,0,0,0,1,0.17,0,0.14,1,4.33,1,0.9,0,0.32,0,1.81,0,1.12,0,1,0
169.79,0.93,0.71,0,0.07,0,0.74,0,1.21,0,0,0,0,0,1.18,1,0.19,0,0,1,0,0,0.68,1,4.33,1,0.11,0,0.64,0,0.78,0,1.53,0,0.14,0
170.123,0.93,0.92,0,0,0,0.54,1,1.51,0,0,0,0,0,1.39,1,0.58,0,0,1,0,0,0.38,1,4.49,1,0,0,0.68,0,0.58,0,1.6,0,0.18,0
170.457,0.98,0.62,0,0.02,0,0.22,0,1.71,1,0,0,0,0,1.02,0,0,0,0,1,0,0,0.06,1,3.35,1,0.48,0,0.49,0,1.31,0,1.5,0,0.29,1
170.79,0.88,0.84,0,0,0,0,0,1.23,0,0,0,0,0,0.75,0,0,0,0,1,0.04,0,0,1,3.4,1,0.04,0,0.39,0,0.86,0,1.53,0,0.36,0
171.124,0.98,0.46,1,0,0,0,0,0.59,0,0,0,0,0,0.55,0,0,0,0,0,0,0,0,1,2.81,1,0.34,0,0,0,0.61,0,0.16,0,1.21,1
171.458,0.98,0.64,1,0,0,0,0,0.88,0,0,0,0,0,0.09,0,0,0,0,0,0,0,0,1,3.02,1,0.79,0,0,0,0.36,0,0,0,0.97,1
171.791,0.82,0.64,0,0,0,0,0,1.41,0,0,0,0,0,0.36,0,0.02,0,0,1,0.17,0,0,1,3.78,1,0.16,0,0.76,0,1.05,0,1.51,0,0.18,0
172.125,0.98,1.22,0,0,0,0.73,0,2.04,0,0,0,0,0,0.94,0,0,0,0,1,0.08,0,0.09,1,4.28,1,0.24,0,0.57,0,1.12,0,2.6,0,0.5,0
172.458,0.98,1.43,1,0.01,0,1.32,0,2.01,0,0,0,0,0,0.29,0,0,0,0,1,0,0,0.38,1,4.19,1,0.06,0,0.64,0,1.08,0,2.21,0,0.01,0
172.792,0.93,1.84,1,0,0,1.49,0,1.95,0,0,0,0,0,0.78,0,0,0,0,1,0,0,0.5,1,4.2,1,0,0,0.49,0,1.39,0,2.03,0,0.05,0
173.126,0.98,1.68,1,0.04,0,1.43,0,2.34,0,0,0,0,0,1.35,1,0.04,0,0,1,0,0,0.03,1,4.06,1,0.14,0,0.26,0,1.16,0,2.27,0,0.37,0
173.459,0.98,0.51,1,0,0,0.04,0,1.29,0,0,0,0,0,2.24,1,1,0,0,1,0,0,0,1,3.4,1,0.79,0,0.3,0,0.72,0,1.03,0,0.62,0
173.793,0.93,0.08,0,0,0,0,0,0.77,0,0,0,0,0,2.52,1,0.95,0,0.12,1,0,0,0,1,2.74,1,1.96,1,0.38,0,0.88,0,0.64,0,0.02,0
174.126,0.98,0.43,0,0,0,1.23,1,0,0,0.02,0,0,0,0.67,1,0,0,0,0,0.1,0,0,0,0.11,0,0,0,0,0,0,0,0,0,0.96,1
174.46,0.93,0.89,0,0,0,0.61,1,0,0,0.16,0,0.17,0,0.91,1,0,1,0,0,0.51,0,0.11,1,0.06,0,0,0,0,0,0,0,0,0,0.17,0
174.793,0.88,0.85,0,0,0,1.04,0,0,0,0.09,0,0.05,0,0.54,1,0,1,0,0,0.64,0,0.03,0,0.09,0,0,0,0,0,0,0,0,0,0.02,0
175.127,0.88,0.27,1,0,0,1.05,0,0,0,0.1,0,0.49,0,0,0,0,0,0,0,0.68,1,0.2,0,0.67,1,0,0,0,0,0,0,0,0,0.78,1
175.461,0.77,0.13,1,0,0,0.12,0,0,0,0,0,0.33,0,0,0,0,0,0,0,0.63,1,0.69,0,0.86,1,0,0,0,0,0,0,0,0,0.68,1
175.794,0.77,0.3,1,0,0,0,0,0,0,0,0,0.65,0,0,0,0,0,0,0,0.63,1,0.55,0,0.9,1,0,0,0,0,0,0,0,0,1,1
176.128,0.77,0.03,1,0,0,0,0,0.05,0,0,0,0.26,0,0,0,0,0,0,0,0.74,1,0.41,0,1.28,1,0,0,0,0,0,0,0,0,0.62,1
176.461,0.03,0,0,0,0,0,0,0,0,0,0,0,0,0,0,0,0,0,0,0,0,0,0,0,0,0,0,0,0,0,0,0,0,0,0
176.795,0.98,0,1,0.63,0,2.37,0,0.38,0,0.11,0,0,0,0,0,0,0,0.11,0,0.07,0,0.37,0,0.87,0,0.56,1,0.52,0,0.03,0,0,0,0.48,0
177.128,0.98,0,1,0.43,0,2.52,0,0.11,0,0,0,0,0,0,0,0,0,0.89,0,0.3,0,0.24,0,0.66,0,0.45,1,0.77,0,0,0,0,0,0.78,0
177.462,0.98,0.48,0,0,0,1.11,0,0.02,0,0,0,0,0,0.27,1,0.51,1,0.12,0,0,0,0.28,0,0.68,0,0,1,0.49,0,0,0,0.04,0,0.08,0
177.796,0.98,1.77,1,0.02,0,2.36,1,0.38,0,0,0,0,0,0,0,0.34,1,0.02,1,0.09,0,0.26,1,0.57,0,0,0,1.29,0,0,0,0,0,0.29,0
178.129,0.88,0.18,1,0,0,1.54,0,0,0,0,0,0,0,0,0,0.41,0,0,0,1.35,1,0.66,1,1.24,0,0,0,0.92,0,0.26,0,0,0,0,0
178.463,0.98,0.13,1,0,0,0.13,0,0.02,0,0,0,0,0,0,0,0.18,0,0,0,1.78,1,0.58,1,1.42,1,0,0,1.01,0,0.32,0,0,0,0.7,0
178.796,0.88,0,0,0,0,0.11,0,0,0,0,0,0,0,0,0,0,0,0,0,1.54,1,0.73,1,1.54,1,0,0,1.04,0,0.15,0,0,0,0.99,0
179.13,0.98,0,1,0,0,0.63,0,0,0,0,0,0,0,0,0,0,0,0.44,0,1.58,1,0.79,1,1.61,1,0,0,1.2,0,0.05,0,0,0,0.59,0
179.463,0.03,0,0,0,0,0,0,0,0,0,0,0,0,0,0,0,0,0,0,0,0,0,0,0,0,0,0,0,0,0,0,0,0,0,0
179.797,0.52,0,0,0,0,0,0,0,0,0,0,0,0,0,0,0,0,0,0,0,0,0,0,0,0,0,0,0,0,0,0,0,0,0,0
180.131,0.03,0,0,0,0,0,0,0,0,0,0,0,0,0,0,0,0,0,0,0,0,0,0,0,0,0,0,0,0,0,0,0,0,0,0
180.464,0,0,0,0,0,0,0,0,0,0,0,0,0,0,0,0,0,0,0,0,0,0,0,0,0,0,0,0,0,0,0,0,0,0,0
180.798,0,0,0,0,0,0,0,0,0,0,0,0,0,0,0,0,0,0,0,0,0,0,0,0,0,0,0,0,0,0,0,0,0,0,0
181.131,0.03,0,0,0,0,0,0,0,0,0,0,0,0,0,0,0,0,0,0,0,0,0,0,0,0,0,0,0,0,0,0,0,0,0,0
181.465,0,0,0,0,0,0,0,0,0,0,0,0,0,0,0,0,0,0,0,0,0,0,0,0,0,0,0,0,0,0,0,0,0,0,0
181.798,0,0,0,0,0,0,0,0,0,0,0,0,0,0,0,0,0,0,0,0,0,0,0,0,0,0,0,0,0,0,0,0,0,0,0
182.132,0,0,0,0,0,0,0,0,0,0,0,0,0,0,0,0,0,0,0,0,0,0,0,0,0,0,0,0,0,0,0,0,0,0,0
182.466,0,0,0,0,0,0,0,0,0,0,0,0,0,0,0,0,0,0,0,0,0,0,0,0,0,0,0,0,0,0,0,0,0,0,0
182.799,0,0,0,0,0,0,0,0,0,0,0,0,0,0,0,0,0,0,0,0,0,0,0,0,0,0,0,0,0,0,0,0,0,0,0
183.133,0,0,0,0,0,0,0,0,0,0,0,0,0,0,0,0,0,0,0,0,0,0,0,0,0,0,0,0,0,0,0,0,0,0,0
183.466,0.98,0,0,0,0,0.93,0,0,0,0,0,0,0,0.17,1,0.09,1,0,0,0.2,0,0.06,0,0.16,0,0,0,0,0,0,0,0,0,0.2,1
183.8,0.03,0,0,0,0,0,0,0,0,0,0,0,0,0,0,0,0,0,0,0,0,0,0,0,0,0,0,0,0,0,0,0,0,0,0
184.133,0.03,0,0,0,0,0,0,0,0,0,0,0,0,0,0,0,0,0,0,0,0,0,0,0,0,0,0,0,0,0,0,0,0,0,0
184.467,0.03,0,0,0,0,0,0,0,0,0,0,0,0,0,0,0,0,0,0,0,0,0,0,0,0,0,0,0,0,0,0,0,0,0,0
184.801,0.03,0,0,0,0,0,0,0,0,0,0,0,0,0,0,0,0,0,0,0,0,0,0,0,0,0,0,0,0,0,0,0,0,0,0
185.134,0.03,0,0,0,0,0,0,0,0,0,0,0,0,0,0,0,0,0,0,0,0,0,0,0,0,0,0,0,0,0,0,0,0,0,0
185.468,0.03,0,0,0,0,0,0,0,0,0,0,0,0,0,0,0,0,0,0,0,0,0,0,0,0,0,0,0,0,0,0,0,0,0,0
185.801,0.03,0,0,0,0,0,0,0,0,0,0,0,0,0,0,0,0,0,0,0,0,0,0,0,0,0,0,0,0,0,0,0,0,0,0
186.135,0.03,0,0,0,0,0,0,0,0,0,0,0,0,0,0,0,0,0,0,0,0,0,0,0,0,0,0,0,0,0,0,0,0,0,0
186.469,0.03,0,0,0,0,0,0,0,0,0,0,0,0,0,0,0,0,0,0,0,0,0,0,0,0,0,0,0,0,0,0,0,0,0,0
186.802,0.03,0,0,0,0,0,0,0,0,0,0,0,0,0,0,0,0,0,0,0,0,0,0,0,0,0,0,0,0,0,0,0,0,0,0
187.136,0.03,0,0,0,0,0,0,0,0,0,0,0,0,0,0,0,0,0,0,0,0,0,0,0,0,0,0,0,0,0,0,0,0,0,0
187.469,0.03,0,0,0,0,0,0,0,0,0,0,0,0,0,0,0,0,0,0,0,0,0,0,0,0,0,0,0,0,0,0,0,0,0,0
187.803,0.98,0,0,0.62,0,0.22,0,0.57,1,0.43,0,0,0,0,0,0,0,0,0,0.23,0,0,1,3.73,1,1.42,0,1.74,0,1.12,0,0.84,0,0.3,0
188.136,0.98,0,0,1.13,0,1.01,0,0.04,1,0.45,0,0,0,0,0,0,0,0,0,0.1,0,0,1,3.62,1,0.49,0,2.27,0,0.47,1,0.52,0,0,0
188.47,0.98,0,0,1.73,0,0.77,0,0.66,1,0.62,0,0.17,0,0,1,0,1,0.5,0,0.18,0,0,1,2.14,1,0,0,1.69,0,1.14,1,1.03,0,0,0
188.804,0.03,0,0,0,0,0,0,0,0,0,0,0,0,0,0,0,0,0,0,0,0,0,0,0,0,0,0,0,0,0,0,0,0,0,0
189.137,0.03,0,0,0,0,0,0,0,0,0,0,0,0,0,0,0,0,0,0,0,0,0,0,0,0,0,0,0,0,0,0,0,0,0,0
189.471,0.98,0,0,0,0,0,0,1.73,0,0,0,0,0,0.82,0,0,0,0,1,0,0,0.03,1,3.96,1,0.27,0,1.07,0,1.17,0,1.75,0,0.05,0
189.804,0.93,0.36,0,0,0,0,0,1.63,0,0,0,0,0,0.95,0,0,0,0,1,0,0,0.09,1,3.66,1,0.22,0,0.5,0,1.4,0,1.67,0,0.1,1
190.138,0.93,0.54,0,0,0,0,0,1.81,0,0,0,0,0,1.3,0,0.31,0,0,1,0,0,0.03,1,4.04,1,0,0,0.48,0,1.17,0,1.65,0,0.44,1
190.471,0.98,0.77,0,0,0,0,0,1.47,0,0,0,0,0,0.98,0,0,0,0,1,0,0,0.17,1,4.3,1,0.07,0,0.61,0,1.07,0,2.25,0,0.23,1
190.805,0.93,0.49,0,0,0,0,0,1.63,0,0,0,0,0,0.93,0,0,0,0,1,0,0,0.02,1,3.98,1,0.14,0,0.66,0,1.13,0,1.96,0,0.42,1
191.139,0.88,0,0,0.05,0,0.12,0,0.37,0,0.02,0,0.57,0,0.23,1,0,0,0.17,0,0.09,0,0.13,0,1.6,1,0.94,0,0.18,0,0.19,0,0.17,0,0.11,1
191.472,0.88,0.41,0,0.02,0,0.48,1,0,0,0.09,0,0.77,1,1.26,1,0.07,1,0,0,0.42,0,0.31,1,0.19,1,0,1,0,0,0,0,0,0,0,0
191.806,0.88,0.46,0,0.19,0,0.24,1,0,0,0.16,0,0.6,1,1.23,1,0,1,0,0,0.48,0,0.16,1,0.01,0,0,1,0,0,0,0,0,0,0.05,0
192.139,0.88,0,0,0.11,0,0.29,1,0,0,0.05,0,0.43,1,0,0,0,1,0,0,0.75,0,0.11,1,0.08,1,0,0,0,0,0,0,0,0,0.06,1
192.473,0.88,0,0,0.14,0,0.13,1,0,0,0.16,0,0.23,1,0,0,0,1,0,0,0.97,1,0.12,1,0.05,1,0,0,0,0,0,0,0,0,0.08,1
192.806,0.93,0.04,0,0.1,0,0.99,1,0,0,0.06,0,0.06,1,0,0,0,1,0,0,1.1,1,0.08,1,0.09,1,0,0,0,0,0,0,0,0,0.14,1
193.14,0.88,0.59,0,0.24,0,1.35,1,0,0,0.05,0,0.32,1,0,0,0,0,0,0,1.45,1,0.29,1,0.31,1,0,1,0,0,0,0,0,0,0.13,1
193.474,0.88,0.25,0,0.13,0,1.5,1,0,0,0.14,0,0.02,0,0,0,0,0,0,0,1.12,1,0.06,1,0.21,1,0,0,0,0,0,0,0,0,0.12,1
193.807,0.88,0,0,0,0,0.82,0,0,0,0.05,0,0,0,0.25,1,0,1,0,0,0.46,0,0,0,0.18,0,0,0,0,0,0,0,0,0,0.41,1
194.141,0.03,0,0,0,0,0,0,0,0,0,0,0,0,0,0,0,0,0,0,0,0,0,0,0,0,0,0,0,0,0,0,0,0,0,0
194.474,0.03,0,0,0,0,0,0,0,0,0,0,0,0,0,0,0,0,0,0,0,0,0,0,0,0,0,0,0,0,0,0,0,0,0,0
194.808,0.03,0,0,0,0,0,0,0,0,0,0,0,0,0,0,0,0,0,0,0,0,0,0,0,0,0,0,0,0,0,0,0,0,0,0
195.141,0.03,0,0,0,0,0,0,0,0,0,0,0,0,0,0,0,0,0,0,0,0,0,0,0,0,0,0,0,0,0,0,0,0,0,0
195.475,0.03,0,0,0,0,0,0,0,0,0,0,0,0,0,0,0,0,0,0,0,0,0,0,0,0,0,0,0,0,0,0,0,0,0,0
195.809,0.03,0,0,0,0,0,0,0,0,0,0,0,0,0,0,0,0,0,0,0,0,0,0,0,0,0,0,0,0,0,0,0,0,0,0
196.142,0.03,0,0,0,0,0,0,0,0,0,0,0,0,0,0,0,0,0,0,0,0,0,0,0,0,0,0,0,0,0,0,0,0,0,0
196.476,0.03,0,0,0,0,0,0,0,0,0,0,0,0,0,0,0,0,0,0,0,0,0,0,0,0,0,0,0,0,0,0,0,0,0,0
196.809,0.57,0,0,0,0,0,0,0,0,0,0,0,0,0,0,0,0,0,0,0,0,0,0,0,0,0,0,0,0,0,0,0,0,0,0
197.143,0.03,0,0,0,0,0,0,0,0,0,0,0,0,0,0,0,0,0,0,0,0,0,0,0,0,0,0,0,0,0,0,0,0,0,0
197.477,0.57,0,0,0,0,0,0,0,0,0,0,0,0,0,0,0,0,0,0,0,0,0,0,0,0,0,0,0,0,0,0,0,0,0,0
197.81,0.57,0,0,0,0,0,0,0,0,0,0,0,0,0,0,0,0,0,0,0,0,0,0,0,0,0,0,0,0,0,0,0,0,0,0
198.144,0.57,0,0,0,0,0,0,0,0,0,0,0,0,0,0,0,0,0,0,0,0,0,0,0,0,0,0,0,0,0,0,0,0,0,0
198.477,0.57,0,0,0,0,0,0,0,0,0,0,0,0,0,0,0,0,0,0,0,0,0,0,0,0,0,0,0,0,0,0,0,0,0,0
198.811,0.57,0,0,0,0,0,0,0,0,0,0,0,0,0,0,0,0,0,0,0,0,0,0,0,0,0,0,0,0,0,0,0,0,0,0
199.144,0.57,0,0,0,0,0,0,0,0,0,0,0,0,0,0,0,0,0,0,0,0,0,0,0,0,0,0,0,0,0,0,0,0,0,0
199.478,0.57,0,0,0,0,0,0,0,0,0,0,0,0,0,0,0,0,0,0,0,0,0,0,0,0,0,0,0,0,0,0,0,0,0,0
199.812,0.57,0,0,0,0,0,0,0,0,0,0,0,0,0,0,0,0,0,0,0,0,0,0,0,0,0,0,0,0,0,0,0,0,0,0
200.145,0.57,0,0,0,0,0,0,0,0,0,0,0,0,0,0,0,0,0,0,0,0,0,0,0,0,0,0,0,0,0,0,0,0,0,0
200.479,0.57,0,0,0,0,0,0,0,0,0,0,0,0,0,0,0,0,0,0,0,0,0,0,0,0,0,0,0,0,0,0,0,0,0,0
200.812,0.57,0,0,0,0,0,0,0,0,0,0,0,0,0,0,0,0,0,0,0,0,0,0,0,0,0,0,0,0,0,0,0,0,0,0
201.146,0.57,0,0,0,0,0,0,0,0,0,0,0,0,0,0,0,0,0,0,0,0,0,0,0,0,0,0,0,0,0,0,0,0,0,0
201.479,0.57,0,0,0,0,0,0,0,0,0,0,0,0,0,0,0,0,0,0,0,0,0,0,0,0,0,0,0,0,0,0,0,0,0,0
201.813,0.57,0,0,0,0,0,0,0,0,0,0,0,0,0,0,0,0,0,0,0,0,0,0,0,0,0,0,0,0,0,0,0,0,0,0
202.147,0.57,0,0,0,0,0,0,0,0,0,0,0,0,0,0,0,0,0,0,0,0,0,0,0,0,0,0,0,0,0,0,0,0,0,0
202.48,0.57,0,0,0,0,0,0,0,0,0,0,0,0,0,0,0,0,0,0,0,0,0,0,0,0,0,0,0,0,0,0,0,0,0,0
202.814,0.57,0,0,0,0,0,0,0,0,0,0,0,0,0,0,0,0,0,0,0,0,0,0,0,0,0,0,0,0,0,0,0,0,0,0
203.147,0.57,0,0,0,0,0,0,0,0,0,0,0,0,0,0,0,0,0,0,0,0,0,0,0,0,0,0,0,0,0,0,0,0,0,0
203.481,0.57,0,0,0,0,0,0,0,0,0,0,0,0,0,0,0,0,0,0,0,0,0,0,0,0,0,0,0,0,0,0,0,0,0,0
203.814,0.57,0,0,0,0,0,0,0,0,0,0,0,0,0,0,0,0,0,0,0,0,0,0,0,0,0,0,0,0,0,0,0,0,0,0
204.148,0.57,0,0,0,0,0,0,0,0,0,0,0,0,0,0,0,0,0,0,0,0,0,0,0,0,0,0,0,0,0,0,0,0,0,0
204.482,0.57,0,0,0,0,0,0,0,0,0,0,0,0,0,0,0,0,0,0,0,0,0,0,0,0,0,0,0,0,0,0,0,0,0,0
204.815,0.57,0,0,0,0,0,0,0,0,0,0,0,0,0,0,0,0,0,0,0,0,0,0,0,0,0,0,0,0,0,0,0,0,0,0
205.149,0.57,0,0,0,0,0,0,0,0,0,0,0,0,0,0,0,0,0,0,0,0,0,0,0,0,0,0,0,0,0,0,0,0,0,0
205.482,0.57,0,0,0,0,0,0,0,0,0,0,0,0,0,0,0,0,0,0,0,0,0,0,0,0,0,0,0,0,0,0,0,0,0,0
205.816,0.57,0,0,0,0,0,0,0,0,0,0,0,0,0,0,0,0,0,0,0,0,0,0,0,0,0,0,0,0,0,0,0,0,0,0
206.149,0.57,0,0,0,0,0,0,0,0,0,0,0,0,0,0,0,0,0,0,0,0,0,0,0,0,0,0,0,0,0,0,0,0,0,0
206.483,0.57,0,0,0,0,0,0,0,0,0,0,0,0,0,0,0,0,0,0,0,0,0,0,0,0,0,0,0,0,0,0,0,0,0,0
206.817,0.57,0,0,0,0,0,0,0,0,0,0,0,0,0,0,0,0,0,0,0,0,0,0,0,0,0,0,0,0,0,0,0,0,0,0
207.15,0.57,0,0,0,0,0,0,0,0,0,0,0,0,0,0,0,0,0,0,0,0,0,0,0,0,0,0,0,0,0,0,0,0,0,0
207.484,0.57,0,0,0,0,0,0,0,0,0,0,0,0,0,0,0,0,0,0,0,0,0,0,0,0,0,0,0,0,0,0,0,0,0,0
207.817,0.57,0,0,0,0,0,0,0,0,0,0,0,0,0,0,0,0,0,0,0,0,0,0,0,0,0,0,0,0,0,0,0,0,0,0
208.151,0.57,0,0,0,0,0,0,0,0,0,0,0,0,0,0,0,0,0,0,0,0,0,0,0,0,0,0,0,0,0,0,0,0,0,0
208.484,0.57,0,0,0,0,0,0,0,0,0,0,0,0,0,0,0,0,0,0,0,0,0,0,0,0,0,0,0,0,0,0,0,0,0,0
208.818,0.57,0,0,0,0,0,0,0,0,0,0,0,0,0,0,0,0,0,0,0,0,0,0,0,0,0,0,0,0,0,0,0,0,0,0
209.152,0.57,0,0,0,0,0,0,0,0,0,0,0,0,0,0,0,0,0,0,0,0,0,0,0,0,0,0,0,0,0,0,0,0,0,0
209.485,0.57,0,0,0,0,0,0,0,0,0,0,0,0,0,0,0,0,0,0,0,0,0,0,0,0,0,0,0,0,0,0,0,0,0,0
209.819,0.57,0,0,0,0,0,0,0,0,0,0,0,0,0,0,0,0,0,0,0,0,0,0,0,0,0,0,0,0,0,0,0,0,0,0
210.152,0.88,0.05,0,0,0,0.85,0,0,0,0,0,0,0,0,0,1.73,0,0,0,0.09,0,0.12,0,1.99,0,0,0,0.79,0,0,0,0,0,0.65,0
210.486,0.82,0,0,0,0,0,0,0,0,0,0,0.05,0,0,0,0,0,0,1,1.11,1,0,0,0.25,0,0,0,0,0,0,0,0,0,0.67,1
210.82,0.98,0,0,0,0,1.33,0,0,0,0,0,0,0,0.96,1,0.2,1,0,0,0.16,0,0.03,0,0.2,0,0,0,0,0,0,0,0,0,0.78,1
211.153,0.98,0.1,0,0,0,0.82,1,0,0,0,0,0,0,0,0,0,0,0,0,1.3,1,0,0,0.2,0,0,0,0,0,0,0,0,0,1.26,1
211.487,0.98,0.27,0,0,0,0.57,1,0,0,0,0,0.28,1,0,0,0,0,0,0,1.35,1,0.09,1,0.3,1,0,0,0,1,0,0,0,0,1.18,1
211.82,0.98,0.02,0,0.1,1,1.55,1,0.02,0,0,0,0,0,0,0,0,0,0,0,1.2,1,0.51,1,0.28,1,0,0,0,0,0,0,0,0,0.14,1
212.154,0.98,0,0,0,0,1.56,1,0,0,0.05,0,0,0,1.65,1,0.18,1,0,0,0.04,0,0.48,1,0.09,0,0,0,0,0,0,0,0,0,0.48,1
212.487,0.98,0,0,0,0,0.89,1,0,0,0.1,0,0.08,0,1.49,1,0,1,0,0,0.67,0,0.15,0,0.43,1,0,0,0,0,0,0,0,0,0.48,1
212.821,0.98,0.45,0,0.34,0,1.22,1,0.11,0,0.27,0,0.61,1,0,0,0,0,0,0,1.37,1,0.24,1,0.27,1,0,0,0,1,0,0,0,0,0.56,1
213.155,0.88,0.2,0,0.28,0,0.66,1,0.04,0,0.48,0,0.84,1,0,0,0,0,0,0,1.93,1,0.44,0,0.01,1,0,0,0,1,0,0,0,0,0.31,1
213.488,0.88,0.07,0,0.28,0,1,1,0,0,0.28,0,0.94,1,0,0,0,0,0,0,1.6,1,0.19,1,0.09,1,0,0,0,0,0.15,1,0,0,0.67,1
213.822,0.98,0.08,0,0.27,0,1.64,1,0.01,0,0.07,0,0.58,1,0,0,0,0,0,0,1.56,1,0.08,1,0.11,1,0,0,0,1,0,0,0,0,0.88,1
214.155,0.98,0,0,0.08,0,0.96,0,0.25,0,0,0,0,0,0.07,0,0,0,0,0,0.92,1,0.16,1,0,1,0,0,0,0,0.65,0,0,0,0,0
214.489,0.98,0,0,0,0,1.31,1,0,0,0.15,0,0.04,0,0.96,1,0,1,0,0,0.26,0,0,0,0.04,0,0,0,0,0,0,0,0,0,1.16,1
214.822,0.98,0,0,0,0,0.83,0,0,0,0.06,0,0,0,0.59,1,0,1,0,0,0.26,0,0,0,0,0,0,0,0,0,0.07,0,0,0,1.1,1
215.156,0.98,0,0,0,0,1.21,1,0,0,0,0,0,0,0.05,1,0,1,0,0,0.39,0,0,0,0,0,0,0,0,0,0.01,0,0,0,1.04,1
215.49,0.98,0,0,0,0,0.49,0,0,0,0.01,0,0,0,0.34,1,0,1,0,0,0.1,0,0,0,0,0,0,0,0,0,0.07,0,0,0,0.92,1
215.823,0.98,0,0,0,0,0.56,0,0,0,0.01,0,0,0,0.08,1,0,1,0,0,0.29,0,0,0,0,0,0,0,0,0,0.01,0,0,0,0.51,0
